Year,Butter,Margarine,Lard,Edible beef tallow,Shortening,Salad and cooking oils,Other edible fats and oils,Added fats and oils,Light cream,Half and half,Heavy cream,Sour cream,Cream cheese,Eggnog,Dairy fats,Added fats and oils and dairy fats,Refined cane and beet sugar,High fructose corn syrup,Corn Glucose,Corn Dextrose,Corn sweeteners,Edible syrups,Honey,Added sugars,White and whole wheat,Durum flour,Wheat flour,Rye flour,Rice,Corn Flour and meal,Hominy and grits,Cornstarch,Corn products,Oat products,Barley products,Flour and cereal products*,Fresh Artichokes,Fresh Asparagus,Fresh Bell peppers,Fresh Broccoli,Fresh Brussels sprouts,Fresh Cabbage,Fresh Carrots,Fresh Cauliflower,Fresh Celery,Fresh Collard greens,Fresh Sweet corn,Fresh Cucumbers,Fresh Eggplant,Fresh Escarole /endive,Fresh Garlic,Fresh Head lettuce,Fresh Kale,Fresh Romaine and leaf lettuce,Fresh Lima beans,Fresh Mushrooms,Fresh Mustard greens,Fresh Okra,Fresh Onions,Fresh Potatoes,Fresh Pumpkin,Fresh Radishes,Fresh Snap beans,Fresh Spinach,Fresh Squash,Fresh Sweet potatoes,Fresh Tomatoes,Fresh Turnip greens,Fresh vegetables,Canned Asparagus,Canned Snap beans,Canned Cabbage,Canned Carrots,Canned Sweet corn,Canned Cucumbers,Canned Green peas,Canned Mushrooms,Canned Chile peppers,Canned Potatoes,Canned Tomatoes,Other canned vegetables,Canned vegetables,Frozen Asparagus,Frozen Snap beans,Frozen Broccoli,Frozen Carrots,Frozen Cauliflower,Frozen Sweet corn,Frozen Green peas,Frozen Lima beans,Frozen Potatoes,Frozen Spinach,Other frozen vegetables,Frozen vege-tables,Dehydrated Onions,Dehydrated Potatoes,Dehydrated vegetables,Chips and shoestring potatoes,Dry edible beans,Dry peas and lentils,Legumes,Total vege-tables,Fresh Oranges,Fresh Tangerines,Fresh Grapefruit,Fresh Lemons,Fresh Limes,Fresh citrus,Fresh Apples,Fresh Apricots,Fresh Avocados,Fresh Bananas,Fresh Blueberries,Fresh Cantaloupe,Fresh Cherries,Fresh Cranberries,Fresh Grapes,Fresh Honeydew melons,Fresh Kiwifruit,Fresh Mangoes,Fresh Peaches,Fresh Pears,Fresh Pineapple,Fresh Papayas,Fresh Plums,Fresh Raspberries,Fresh Strawberries,Fresh Watermelon,Fresh noncitrus fruit,Fresh fruit,Canned Apples and applesauce,Canned Apricots,Canned Cherries,Canned Olives,Canned Peaches,Canned Pears,Canned Pineapple,Canned Plums,Canned fruit,Frozen Blackberries,Frozen Blueberries,Frozen Raspberries,Frozen Strawberries,Frozen Other berries,Frozen berries,Frozen Apples,Frozen Apricots,Frozen Cherries,Frozen Peaches,Frozen Plums & prunes,Other frozen,Frozen fruit,Dried Apples,Dried Apricots,Dried Dates,Dried Figs,Dried Peaches,Dried Pears,Dried Plums,Dried Raisins,Dried fruit,Orange Juice,Grapefruit Juice,Lemon Juice,Lime Juice,Citrus juice Juice,Apple Juice,Cranberry Juice,Grape Juice,Pineapple Juice,Prune Juice,Noncitrus juice,Fruit juice,Total Fresh,Total Canned,Total Frozen,Total Dried,Total Juice,Total Fruit,Plain Milk Whole,Plain Milk 2 percent,Plain Milk 1 percent,Plain Milk Skim,Plain milk,Flavored Milk Whole,Flavored Milk Lower fat,Flavored milk,Buttermilk,Beverage milk,Yogurt,Fluid milk products,American Cheese Cheddar,American Cheese Other,American Cheese Total,Italian Cheese Mozzarella,Other Italian cheese,Italian Cheese Total,Swiss cheese,Brick,Muenster,Blue cheese,Other misc. cheeses,Total misc Cheese,Total Cheese,Cottage Cheese Regular,Cottage Cheese Lowfat,Cottage Cheese Total,Ice cream,Lowfat ice cream,Other Frozen Dairy,Total Frozen Dairy,Evaporated and Condensed Canned whole,Evaporated and Condensed Bulk whole,Evaporated and Condensed Skim,Evaporated and Condensed Total,Dry Milk Whole,Dry Milk Nonfat,Dry Milk Buttermilk,Dry Milk Total,Half and half,Eggnog,Cream products,Total dairy,Beef,Veal,Pork,Lamb,Red meat,Chicken,Turkey,Poultry,Fresh and Frozen Fish,Fresh and Frozen Shellfish,Total Fresh and Frozen fish and shellfish,Canned Salmon,Canned Sardines,Canned Tuna,Canned Shellfish,Canned Other,Canned Total,Cured,Fish and shellfish,"Total red meat, poultry, and fish",Eggs,Peanuts,Almonds,Hazelnuts,Pecans,Walnuts,Macadamia nuts,Pistachios,Other nuts,Tree nuts,Coconuts,Nuts,Total Meat,Total Eggs,Total Nuts,"Total Meat, eggs, and nuts","Percentage of daily total Meat, eggs, and nuts",Percentage of daily total Dairy,Percentage of daily total Fruit,Percentage of daily total Vegetables,Percentage of daily total Flour and cereal products,Percentage of daily total Added fats and oils and dairy fats*,Percentage of daily total Caloric sweeteners,Percentage of daily total Total,"Daily caloric total from Meat, eggs, and nuts",Daily caloric total from Dairy,Daily caloric total from Fruit,Daily caloric total from Vegetables,Daily caloric total from Flour and cereal products**,Daily caloric total from Added fats and oils and dairy fats*,Daily caloric total from Sugar and sweeteners (Added),Daily caloric total
1970,29,58.6,16.3,NA,99.6,115.5,18.3,337.4,0.6,2.9,1.7,1.8,1.6,0.1,8.8,346.2,283,1.5,29.9,12.8,44.2,1.8,3.6,332.5,310.7,22.5,333.2,5.3,20.6,22.3,7.1,5,34.4,13.5,2.8,409.8,0.07,0.04,0.23,0.1,0.1,1.29,1.63,0.07,0.69,NA,1.87,0.18,0.04,0.07,0.31,2.02,NA,NA,NA,0.05,NA,NA,2.19,46.31,NA,0.04,0.31,0.04,0.13,1.8,2.15,NA,61.7,0.11,0.55,0.19,0.32,7.59,1.33,1.27,0.17,NA,0.7,3.39,0.55,16.17,0.02,0.29,0.21,0.22,0.06,0.94,1.22,0.61,9.83,0.13,0.4,13.94,0.51,6.65,7.16,26.64,8.96,0.88,9.84,135.44,3.8,0.4,1.1,0.2,0.03,5.5,7.1,0.03,0.4,9.1,NA,0.7,0.1,0.07,1.4,0.08,NA,0.03,1.4,0.9,0.1,0.01,0.5,NA,0.3,1.7,23.8,29.3,3.2,0.23,0.19,1.4,2.2,1.6,2.2,0.07,11.1,0.05,0.09,0.07,0.41,0.03,0.65,0.22,0.02,0.24,0.1,0.02,0.58,1.2,0.29,0.15,0.58,0.48,0.05,0.03,1.7,3.3,6.6,15.4,2.03,0.17,0.01,17.6,2.28,NA,1.23,1.31,0.69,5.5,23.1,29.3,11.1,1.2,6.6,23.1,71.2,114.1,12.2,0.7,3.4,130.4,2.8,1.3,4.1,2,136.6,0.4,137,24.5,3.9,28.4,2.81,2.85,5.66,1.97,0.26,0.48,0.34,1.02,4.07,38.14,2.9,0.2,3.1,28.8,9.4,5.72,43.9,7.2,1.5,3.6,12.3,0.8,14,0.7,15.4,0.4,0.03,0.38,250.3,219.6,3.5,96.7,5.5,325.3,64.7,9.5,74.2,3.8,1.4,5.3,0.9,0.6,2.8,0.5,0.5,5.3,0.5,11.1,410.6,48.3,35.7,1.8,0.3,2.8,2.2,0.2,0.2,3.4,11,3.3,50,410.6,48.3,50,508.9,25,12,3,7,20,17,16,100,509,250,71,135,410,346,333,2054
1971,27.8,58.6,14.7,NA,96.5,117.2,18.3,333.2,0.5,2.7,1.8,2,1.7,0.1,8.7,341.9,284,2.3,31.2,12.9,46.3,1.8,3.2,335.3,309.9,22.1,332,5,18.9,21.4,5.8,5,32.2,13.4,2.2,403.7,0.07,0.03,0.24,0.13,0.1,1.32,1.67,0.06,0.69,NA,1.79,0.17,0.04,0.07,0.21,2.02,NA,NA,NA,0.05,NA,NA,2.32,42.01,NA,0.04,0.3,0.04,0.14,1.63,2.01,NA,57.15,0.11,0.54,0.2,0.3,7.87,1.3,1.26,0.2,NA,0.76,3.73,0.6,16.87,0.02,0.29,0.2,0.21,0.07,0.9,1.3,0.54,10.61,0.14,0.47,14.74,0.64,6.83,7.48,26.28,9.7,0.81,10.51,133.03,3.7,0.4,1.2,0.2,0.03,5.5,6.8,0.04,0.7,9.4,NA,0.7,0.2,0.07,1.2,0.08,NA,0.03,1.4,1.1,0.1,0.01,0.4,NA,0.4,1.7,24.3,29.7,2.9,0.19,0.19,1.5,2.3,1.9,2.2,0.08,11.3,0.07,0.07,0.08,0.44,0.04,0.7,0.2,0.03,0.26,0.1,0.009,0.58,1.3,0.15,0.1,0.58,0.44,0.05,0.03,1.4,3.5,6.3,15.7,2.4,0.19,0.02,18.3,2.52,NA,1.69,1.28,0.64,6.1,24.5,29.7,11.3,1.3,6.3,24.5,73.1,111.5,13.5,1.1,3.7,129.8,3.1,1.2,4.3,2,136,0.5,136.6,25,4.6,29.6,3.27,2.99,6.25,2.09,0.28,0.53,0.36,1.02,4.27,40.1,3,0.3,3.3,28.6,9.32,5.5,43.4,7.1,1.3,3.6,12,0.6,13.8,0.7,15.1,0.3,0.04,0.37,250.8,217.8,3.2,105.6,5.3,331.9,64.6,9.8,74.4,3.7,1.4,5.1,0.9,0.6,2.7,0.5,0.4,5.1,0.5,10.7,417.1,48.5,35.2,2,0.4,3.1,2.6,0.2,0.3,3.4,11.9,3.6,50.8,417.1,48.5,50.8,516.4,25,12,4,6,20,17,16,100,516,251,73,133,404,342,335,2054
1972,26.8,59.3,12.5,NA,101.2,126.3,18.3,344.5,0.5,2.6,1.7,2.1,1.7,0.1,8.7,353.2,284.5,3.2,33.3,12.8,49.4,1.8,3.6,339.2,307.1,23.1,330.2,4.6,18.7,19.8,5.2,5,29.9,13.5,2.2,399,0.08,0.04,0.26,0.13,0.09,1.25,1.78,0.07,0.67,NA,1.86,0.19,0.05,0.07,0.27,2.02,NA,NA,NA,0.06,NA,NA,2.31,43.35,NA,0.04,0.3,0.04,0.14,1.61,2.14,NA,58.82,0.11,0.55,0.18,0.36,7.97,1.27,1.25,0.22,NA,0.76,3.54,0.58,16.78,0.02,0.29,0.2,0.23,0.06,0.87,1.27,0.56,10.91,0.14,0.44,14.99,0.38,6.9,7.28,25.53,8.31,0.97,9.28,132.68,3.4,0.4,1.2,0.2,0.03,5.1,6.4,0.02,0.4,9.4,NA,0.7,0.1,0.06,1.2,0.09,NA,0.03,1,1,0.1,0.01,0.3,NA,0.3,1.6,22.7,27.8,2.6,0.19,0.18,1.2,2,1.7,2.1,0.04,10.1,0.05,0.08,0.06,0.41,0.03,0.62,0.25,0.02,0.25,0.11,0.012,0.62,1.2,0.2,0.1,0.56,0.28,0.05,0.03,1.2,2.5,4.9,17.3,2.38,0.2,0.02,19.9,1.95,NA,1.07,1.22,0.58,4.8,24.7,27.8,10.1,1.2,4.9,24.7,68.7,107.1,15.1,1.7,3.7,127.6,3.5,1.1,4.7,1.9,134.2,0.7,134.8,25.4,5.4,30.8,3.72,3.35,7.07,2.36,0.27,0.6,0.4,1.39,5.02,42.91,2.9,0.4,3.3,28.3,9.32,5.46,43.1,6.3,1.5,3.4,11.2,0.4,12.1,0.6,13.1,0.3,0.05,0.37,248.9,221.3,2.7,95.9,5.5,325.5,66.9,10.5,77.4,4,1.4,5.4,0.9,0.6,3.3,0.5,0.5,5.9,0.5,11.8,414.7,47.4,37,1.9,0.4,3,2.4,0.2,0.2,4.1,12.3,3.9,53.2,414.7,47.4,53.2,515.4,25,12,3,6,19,17,16,100,515,249,69,133,399,353,339,2057
1973,26,58.7,11.7,NA,97.9,132.8,20.7,347.8,0.6,2.6,1.8,2.2,1.8,0.1,9.1,356.9,280.3,5.7,36.3,12.8,54.9,1.8,3.2,340.3,313.9,25.4,339.3,5.6,20.2,18.8,6.2,5.2,30.2,13.4,2.2,410.8,0.07,0.04,0.27,0.14,0.08,1.32,1.83,0.07,0.71,NA,1.9,0.17,0.06,0.07,0.36,2.08,NA,NA,NA,0.08,NA,NA,2.22,39.28,NA,0.04,0.28,0.04,0.15,1.67,2.21,NA,55.13,0.12,0.58,0.17,0.34,7.7,1.33,1.36,0.21,NA,0.8,3.19,0.58,16.38,0.02,0.36,0.22,0.28,0.07,0.97,1.23,0.57,12.57,0.12,0.5,16.91,0.5,7.26,7.76,24.96,10.72,0.67,11.39,132.53,3.4,0.4,1.2,0.2,0.03,5.1,6.7,0.03,0.6,9.5,NA,0.6,0.2,0.07,1.3,0.09,NA,0.04,1.1,1.1,0.1,0.02,0.4,NA,0.3,1.6,23.8,28.9,3.3,0.21,0.12,1.3,1.9,1.9,1.7,0.07,10.6,0.03,0.07,0.05,0.38,0.02,0.56,0.27,0.03,0.32,0.08,0.014,0.7,1.3,0.36,0.13,0.73,0.39,0.02,0.03,1.4,3.4,6.5,17.3,2.54,0.31,0.02,20.2,1.66,NA,1.35,1,0.37,4.4,24.6,28.9,10.6,1.3,6.5,24.6,71.8,101.7,17.1,1.4,4.1,124.4,3.7,1.2,4.9,1.8,131,0.7,131.7,25.7,5.7,31.4,4.17,3.29,7.47,2.35,0.28,0.6,0.42,1.62,5.27,44.13,2.8,0.5,3.2,28.3,9.26,5.36,42.9,6,1.4,3.1,10.4,0.4,13.9,0.5,14.7,0.3,0.04,0.36,247.5,208.9,2.1,86.1,4.5,301.6,63.9,9.9,73.8,4.4,1.3,5.7,0.5,0.8,3.5,0.5,0.7,5.9,0.5,12.1,387.5,45.1,39.1,1.4,0.6,3,2.5,0.2,0.4,3.1,11.1,3.3,53.6,387.5,45.1,53.6,486.2,24,12,4,6,20,17,17,100,486,247,72,133,411,357,340,2046
1974,24.1,58.3,11,NA,97.3,135.6,13.5,339.9,0.7,2.4,1.7,2.5,1.9,0.1,9.3,349.2,266,7.7,38.5,12.6,58.8,1.4,2.5,328.8,311.3,22.1,333.4,5.4,20.3,18.5,7.4,5.5,31.5,13.5,2.3,406.4,0.07,0.03,0.29,0.14,0.11,1.32,1.89,0.07,0.69,NA,1.85,0.19,0.05,0.07,0.45,2.12,NA,NA,NA,0.1,NA,0.03,2.42,36.98,NA,0.04,0.27,0.04,0.15,1.62,2.09,NA,53.09,0.09,0.58,0.19,0.3,7.19,1.35,1.14,0.21,NA,0.82,3.35,0.49,15.71,0.01,0.31,0.22,0.28,0.07,0.95,1.24,0.54,13.25,0.16,0.37,17.4,0.67,8.06,8.72,24.09,7.73,0.85,8.58,127.59,3.4,0.4,1.1,0.2,0.03,5.1,6.8,0.02,1.1,9.7,NA,0.5,0.2,0.06,1.5,0.08,NA,0.05,1.1,1.1,0.1,0.02,0.5,NA,0.4,1.4,24.5,29.5,3.2,0.12,0.18,1.2,2.2,1.8,1.6,0.07,10.3,0.02,0.06,0.04,0.37,0.02,0.52,0.19,0.02,0.2,0.1,0.015,0.51,1,0.29,0.08,0.58,0.35,0.02,0.03,1.3,3.6,6.2,17.9,2.42,0.18,0.02,20.5,2.11,NA,1.44,0.87,0.53,5,25.4,29.5,10.3,1,6.2,25.4,72.6,96.2,16.7,2.8,4.1,119.8,3.4,1.2,4.5,1.7,126,0.7,126.7,26.7,7,33.7,4.4,3.58,7.98,2.63,0.29,0.63,0.38,1.52,5.45,47.11,2.4,0.4,2.9,28.3,9.31,4.92,42.6,5.4,1.5,2.5,9.3,0.3,10.9,0.6,11.7,0.3,0.04,0.34,240.7,222.1,2.8,93.7,3.8,322.4,63.7,10.2,73.9,3.8,1.5,5.2,0.4,0.6,3.5,0.5,0.5,5.5,0.5,11.3,407.6,44.3,37.6,1.4,0.3,2.8,2.6,0.3,0.3,2.5,10,3.1,50.7,407.6,44.3,50.7,502.6,25,12,4,6,20,17,16,100,503,241,73,128,406,349,329,2028
1975,25.6,57.4,11,NA,96.9,134.2,15.8,340.9,0.7,2.4,1.8,2.8,2,0.1,9.6,350.6,247.9,13.6,39,12.2,64.8,1.4,3.6,317.7,321.8,22.1,343.9,4.3,19,19.1,8.7,5.5,33.4,12.6,2.4,415.6,0.07,0.04,0.26,0.18,0.1,1.33,1.76,0.08,0.66,NA,1.86,0.18,0.06,0.06,0.5,2.12,NA,NA,NA,0.11,NA,0.03,2.27,39.44,NA,0.05,0.29,0.04,0.16,1.78,2.12,NA,55.56,0.1,0.53,0.17,0.28,6.4,1.44,1.12,0.22,NA,0.72,3.38,0.54,14.9,0.02,0.24,0.22,0.25,0.07,1.02,1.2,0.46,14.21,0.13,0.42,18.24,0.85,8.16,9.01,23.72,9.68,0.46,10.15,131.57,3.7,0.4,1.1,0.2,0.03,5.5,8.1,0.02,0.6,9.2,NA,0.5,0.2,0.05,1.7,0.09,NA,0.06,1.2,1.2,0.2,0.02,0.4,NA,0.4,1.4,25.4,30.9,2.7,0.19,0.15,1.4,2,1.9,1.8,0.06,10.1,0.04,0.08,0.04,0.43,0.02,0.61,0.1,0.02,0.18,0.1,0.012,0.4,1,0.33,0.13,0.76,0.35,0.05,0.03,1.5,3.4,6.5,19.3,2.52,0.49,0.02,22.3,2.46,NA,1.3,1.01,0.42,5.2,27.5,30.9,10.1,1,6.5,27.5,76,93.4,17.7,4.7,3.4,119.2,3.2,1.5,4.6,1.7,125.5,1,126.5,25.6,6.8,32.4,5,3.59,8.58,2.43,0.24,0.67,0.38,1.43,5.14,46.1,2.4,0.5,2.9,31.3,9.72,4.4,45.5,4.8,1.7,2.6,9,0.3,8.6,0.6,9.4,0.3,0.04,0.33,239.8,228.7,4.8,76.7,3.4,313.6,62.4,9.7,72,4.3,1.5,5.7,0.4,0.3,3.2,0.5,0.5,4.9,0.5,11.1,396.8,43.2,38.8,1.9,0.5,2.7,3.2,0.3,0.2,3.5,12.2,3.1,54.1,396.8,43.2,54.1,494.1,24,12,4,6,21,17,16,100,494,240,76,132,416,351,318,2025
1976,23.3,61.5,9.9,NA,100.4,146.2,16.3,357.7,0.6,2.4,1.9,2.7,2.1,0.1,9.8,367.5,259.7,20,38.6,11.5,70.1,1.4,3.3,334.5,334.6,23.1,357.7,3.5,20.2,18.5,9.7,5.8,34,12,2.5,429.8,0.08,0.04,0.28,0.2,0.11,1.25,1.75,0.09,0.69,NA,1.92,0.19,0.06,0.06,0.33,2.18,NA,NA,NA,0.12,NA,0.02,2.38,37.05,NA,0.04,0.29,0.04,0.17,1.79,2.22,NA,53.37,0.1,0.58,0.18,0.28,6.96,1.44,1.14,0.25,NA,0.7,3.58,0.57,15.78,0.02,0.32,0.24,0.26,0.07,0.94,1.19,0.43,16,0.13,0.46,20.06,0.33,9.07,9.39,24.13,9,0.7,9.7,132.43,3.4,0.4,1.2,0.2,0.04,5.3,7.1,0.03,1,10.1,NA,0.5,0.2,0.07,1.7,0.09,NA,0.07,1.3,1.3,0.2,0.02,0.4,NA,0.3,1.6,25.8,31.1,2.4,0.16,0.1,1.5,2,2.1,1.9,0.08,10.1,0.05,0.06,0.06,0.38,0.03,0.58,0.18,0.02,0.27,0.05,0.012,0.52,1.1,0.34,0.15,0.73,0.37,0.05,0.03,1.3,3.3,6.3,21.4,1.99,0.18,0.02,23.6,2.25,NA,1.25,1,0.48,5,28.6,31.1,10.1,1.1,6.3,28.6,77.3,90,19.2,4.8,3.4,117.4,3.4,1.8,5.2,1.7,124.3,1.1,125.4,27.3,7.9,35.2,5.47,4.01,9.48,2.78,0.23,0.71,0.43,1.33,5.47,50.12,2.5,0.5,2.9,30.4,9.22,4.09,43.7,4.6,1.5,2.6,8.7,0.5,9.2,0.5,10.3,0.3,0.04,0.34,241.4,244.2,4.6,81.1,3.1,333,67.3,10.4,77.7,4.7,1.5,6.3,0.4,0.5,3.2,0.4,0.5,5,0.5,11.8,422.5,42.3,36.5,2.3,0.4,2.3,3.2,0.3,0.2,3.2,11.9,3.1,51.6,422.5,42.3,51.6,516.4,25,11,4,6,20,18,16,100,516,241,77,132,430,367,335,2099
1977,23.2,58.1,8.5,NA,94.5,143.7,15.3,343.3,0.5,2.4,1.8,2.8,2.1,0.1,9.8,353.1,261.9,26.7,38.3,10.8,75.8,1.4,3.3,342.5,322.6,24.4,347,3.2,15.1,21.1,10.7,6,37.8,11.8,2.5,417.4,0.07,0.03,0.3,0.23,0.11,1.24,1.45,0.1,0.66,NA,1.81,0.22,0.06,0.06,0.41,2.33,NA,NA,NA,0.15,NA,0.03,2.39,37.52,NA,0.05,0.27,0.05,0.19,1.56,2.18,NA,53.46,0.08,0.57,0.18,0.28,7.51,1.35,1.21,0.28,NA,0.79,3.43,0.55,16.25,0.02,0.29,0.24,0.28,0.07,1.19,1.12,0.35,16.16,0.14,0.4,20.25,0.58,6.32,6.89,24.88,9.58,0.4,9.98,131.71,3.1,0.5,1,0.2,0.04,4.9,6.8,0.03,1,10,NA,0.5,0.2,0.07,1.7,0.09,NA,0.05,1.3,1.1,0.2,0.03,0.5,NA,0.4,1.6,25.5,30.4,2.7,0.15,0.12,1.7,2,2.1,1.8,0.06,10.7,0.05,0.06,0.06,0.37,0.02,0.56,0.15,0.03,0.26,0.1,0.008,0.53,1.1,0.32,0.15,0.8,0.35,0.05,0.03,1.2,3.3,6.2,20.7,2.65,0.35,0.02,23.7,2.82,NA,0.99,1.16,0.58,5.6,29.3,30.4,10.7,1.1,6.2,29.3,77.6,85.9,20.7,5,3.5,115.1,3.3,2.1,5.4,1.6,122.2,1.2,123.4,28.8,7.8,36.6,5.83,4.03,9.86,2.7,0.19,0.7,0.42,1.37,5.38,51.82,2.4,0.5,2.9,29.8,9.83,3.93,43.5,3.9,1.4,2.8,8.1,0.6,8.7,0.7,10,0.3,0.05,0.34,240.1,237.5,4.5,84.3,2.8,329.1,68.5,10.3,78.7,4.4,1.6,5.9,0.7,0.5,3.1,0.6,0.5,5.3,0.5,11.7,419.5,41.9,36.8,2.4,0.4,2.6,3.1,0.3,0.2,1.7,10.8,3.1,50.6,419.5,41.9,50.6,512,25,12,4,6,20,17,17,100,512,240,78,132,417,353,342,2074
1978,23.6,57.1,7.9,NA,98.3,150.6,16.2,353.7,0.5,2.4,1.8,2.9,2.4,0.1,10,363.8,254.3,29.9,38.7,10.3,78.9,1.4,3.9,338.5,324.4,21.8,346.2,3.3,25.2,21.7,10,6.6,38.3,11.4,2.7,427,0.07,0.03,0.29,0.18,0.11,1.28,1.45,0.07,0.67,NA,1.58,0.24,0.06,0.06,0.43,2.26,NA,NA,NA,0.18,NA,0.07,2.36,34.44,NA,0.04,0.25,0.05,0.19,1.63,2.28,NA,50.27,0.07,0.57,0.17,0.24,7.11,1.42,1.15,0.29,NA,0.81,3.21,0.54,15.58,0.01,0.29,0.31,0.28,0.09,1.04,1.13,0.41,16.29,0.14,0.4,20.38,0.56,6.7,7.27,25.3,7.24,0.75,8,126.79,3.1,0.4,1.1,0.2,0.03,4.9,7.4,0.02,1.1,10.5,NA,0.7,0.1,0.07,1.4,0.13,NA,0.08,1.5,1,0.2,0.03,0.5,NA,0.4,1.5,26.8,31.7,3.1,0.14,0.09,2.6,1.8,1.8,1.8,0.06,11.4,0.04,0.05,0.05,0.41,0.02,0.57,0.23,0.02,0.26,0.1,0.006,0.61,1.2,0.31,0.1,0.76,0.37,0.02,0.03,1.1,2.9,5.5,17.8,2.82,0.37,0,21,3.43,NA,1.73,1.19,0.48,6.8,27.8,31.7,11.4,1.2,5.5,27.8,77.6,82.8,21.7,5.3,3.4,113.2,3.1,2.2,5.2,1.6,120,1.2,121.2,29.4,8.4,37.7,6.34,4.39,10.73,2.97,0.2,0.74,0.45,1.28,5.63,54.09,2.4,0.5,2.9,29.6,9.79,3.67,43.1,3.8,1.3,2.5,7.6,0.9,8.2,0.6,9.7,0.3,0.05,0.34,239,226.1,3.4,84.4,2.6,316.5,71.7,10.2,82,4.8,1.4,6.3,0.8,0.5,3.7,0.5,0.4,5.8,0.4,12.5,410.9,42.6,38.9,2.1,0.5,2.7,2.4,0.3,0.2,2.5,10.8,3.3,52.9,410.9,42.6,52.9,506.4,24,11,4,6,21,17,16,100,506,239,78,127,427,364,339,2079
1979,24.3,56.2,8.3,1.4,101.5,155.9,13.3,361.1,0.5,2.4,2,3,2.5,0.1,10.5,371.5,248.4,41,37.5,9.9,88.4,1.4,3.7,342,325.9,23.8,349.7,3.1,25.3,22.7,9.7,7.1,39.4,11.2,2.7,431.3,0.09,0.02,0.31,0.22,0.12,1.2,1.61,0.1,0.67,NA,1.55,0.24,0.06,0.06,0.64,2.26,NA,NA,NA,0.2,NA,0.07,2.48,36.97,NA,0.04,0.26,0.06,0.21,1.68,2.2,NA,53.31,0.06,0.56,0.17,0.27,6.73,1.37,1.04,0.3,NA,0.76,3.51,0.47,15.24,0.01,0.3,0.3,0.29,0.08,1.12,1.2,0.45,14.74,0.14,0.37,19,0.83,6.21,7.04,25.52,8.94,0.61,9.55,129.65,2.7,0.4,1,0.2,0.04,4.2,7.1,0.02,0.7,11,NA,0.6,0.2,0.05,1.6,0.13,NA,0.08,1.6,1,0.2,0.02,0.5,NA,0.4,1.4,26.7,31,3.3,0.14,0.09,1.3,1.9,2.2,1.9,0.05,10.9,0.03,0.06,0.04,0.38,0.02,0.51,0.16,0.02,0.21,0.08,0.012,0.47,1,0.35,0.15,0.58,0.37,0.02,0.03,0.9,3.4,5.9,18.4,2.7,0.2,0.01,21.3,3.81,NA,1.31,1.4,0.53,7,28.4,31,10.9,1,5.9,28.4,77.1,79.7,22.9,5.3,3.4,111.4,2.8,2.2,5,1.5,117.9,1.2,119.1,29.3,8.6,38,6.63,4.57,11.2,3.01,0.17,0.78,0.42,1.32,5.7,54.86,2.3,0.5,2.8,29.2,9.26,3.43,41.8,3.7,1.3,2.4,7.5,1.1,8.7,0.5,10.2,0.3,0.05,0.34,236.7,202.2,2.4,96.8,2.5,303.9,77.5,10.8,88.4,4.7,1.4,6.1,0.7,0.5,3.6,0.5,0.4,5.6,0.4,12.1,404.4,43.4,39.5,2,0.2,3.3,2.7,0.4,0.2,2.3,11.2,2.8,53.4,404.4,43.4,53.4,501.2,24,11,4,6,21,18,16,100,501,237,77,130,431,372,342,2089
1980,24.2,56.4,8.5,3.8,97,159.5,12,361.4,0.4,2.4,2.2,3,2.7,0.1,10.9,372.3,232.6,52.7,35.9,9.6,98.3,1.6,3,335.4,329.6,21.5,351.1,3.1,29.4,23.6,9.1,7.1,39.8,11.1,2.7,437.1,0.08,0.03,0.31,0.26,0.09,1.19,1.68,0.1,0.7,NA,1.56,0.24,0.06,0.06,0.59,2.31,NA,NA,NA,0.21,NA,0.06,2.46,38.3,NA,0.04,0.26,0.06,0.22,1.46,2.27,NA,54.6,0.07,0.54,0.16,0.27,6.94,1.27,1.07,0.27,0.53,0.69,3.47,0.5,15.77,0.01,0.29,0.32,0.26,0.09,1.05,1.13,0.42,13.55,0.15,0.33,17.61,0.33,5.42,5.75,25.26,7.65,0.62,8.27,127.25,3.3,0.4,1,0.2,0.05,4.9,8,0.03,1.8,10.8,0.1,0.6,0.2,0.05,1.9,0.12,NA,0.09,1.8,1.2,0.2,0.03,0.5,NA,0.4,1.3,29,33.9,2.9,0.13,0.14,1.9,1.9,2.2,1.8,0.04,11.1,0.01,0.08,0.04,0.43,0.01,0.57,0.17,0.02,0.2,0.1,0.014,0.49,1.1,0.26,0.08,0.31,0.28,0.02,0.03,1.1,3.8,5.9,20.4,2.05,0.26,0.02,22.8,4.66,NA,1.4,1.5,0.48,8,30.8,33.9,11.1,1.1,5.9,30.8,82.7,75.7,23.9,5.6,3.4,108.7,2.4,2.3,4.7,1.5,114.8,1.3,116.1,29,9,37.9,7.12,4.46,11.58,2.95,0.18,0.85,0.4,1.56,5.93,55.46,2.2,0.6,2.8,29.5,9.05,3.28,41.8,3.5,1.2,2.4,7.1,1,7.9,0.5,9.4,0.3,0.05,0.34,233,198.2,2.1,103.9,2.6,306.8,77.2,12,89.2,4.6,1.5,6,0.7,0.5,3.4,0.4,0.1,5,0.4,11.4,407.4,42.5,32,2.3,0.3,3,3.1,0.5,0.3,2,11.4,2.7,46.1,407.4,42.5,46.1,496.1,24,11,4,6,21,18,16,100,496,233,83,127,437,372,335,2084
1981,22.9,55,8.1,3.5,95.7,162.8,11.1,359.2,0.4,2.5,2.3,3.1,2.8,0.1,11.2,370.4,220.8,63.5,35.9,9.4,108.9,1.4,3,334.1,328,19.8,347.9,3,31.7,24.6,8.7,7.6,40.9,11,2.7,437.2,0.11,0.03,0.3,0.3,0.12,1.22,1.67,0.12,0.69,NA,1.49,0.25,0.06,0.05,0.45,2.25,NA,NA,NA,0.24,NA,0.06,2.32,34.35,NA,0.04,0.25,0.08,0.23,1.55,2.18,NA,50.4,0.07,0.55,0.17,0.23,6.46,1.25,1.09,0.27,0.57,0.64,3.24,0.45,14.98,0.01,0.35,0.34,0.3,0.1,1.03,1.09,0.45,15.88,0.14,0.36,20.04,0.35,6.01,6.36,25.41,7.79,0.63,8.42,125.62,2.9,0.3,0.9,0.2,0.06,4.4,7,0.03,1.3,11.2,0.1,0.6,0.1,0.08,1.9,0.13,NA,0.07,1.7,1.3,0.2,0.03,0.5,NA,0.4,1.5,28.2,32.6,2.4,0.1,0.11,1.2,1.5,2.1,1.7,0.05,9.2,0.02,0.07,0.04,0.41,0.01,0.54,0.15,0.02,0.19,0.07,0.009,0.43,1,0.26,0.13,0.4,0.31,0.05,0.03,1.1,4,6.3,19.5,2.56,0.51,0.02,22.6,4.12,NA,1.34,1.38,0.48,7.3,29.9,32.6,9.2,1,6.3,29.9,78.9,72.8,24.9,5.7,3.3,106.8,1.8,2.5,4.3,1.4,112.6,1.2,113.8,29.8,10.1,39.9,7.01,4.64,11.65,2.83,0.16,0.81,0.37,1.95,6.12,57.62,2.1,0.7,2.7,29.3,8.88,3.62,41.8,3.6,1.4,2.3,7.3,1.3,5.7,0.5,7.5,0.3,0.05,0.35,231.1,200.2,2.3,99.6,2.6,304.7,79.6,12.4,92,4.1,1.7,5.9,0.7,0.6,3.4,0.4,0.4,5.4,0.3,11.6,408.3,41.5,36.4,2.7,0.3,3.2,3.3,0.5,0.2,2,12.2,2.8,51.4,408.3,41.5,51.4,501.2,24,11,4,6,21,18,16,100,501,231,79,126,437,370,334,2079
1982,23.5,54.1,8.4,4.9,95.6,161.1,12.8,360.5,0.4,2.4,2.4,3.3,3,0.1,11.7,372.2,204.9,74,35.4,9.4,118.8,1.4,3.2,328.4,331,19.8,350.9,2.8,26.4,25.5,9.4,7.6,42.5,11.1,2.6,436.3,0.12,0.03,0.32,0.37,0.1,1.28,1.8,0.12,0.7,NA,1.44,0.26,0.07,0.05,0.52,2.25,NA,NA,NA,0.25,NA,0.06,2.65,35.3,NA,0.04,0.25,0.08,0.24,1.79,2.28,NA,52.34,0.05,0.5,0.14,0.18,6.17,1.2,0.99,0.26,0.53,0.68,3.28,0.39,14.37,0,0.33,0.33,0.27,0.1,0.94,1.05,0.29,14.79,0.13,0.39,18.64,0.87,5.76,6.62,26.03,10.59,0.42,11.01,129.01,2.7,0.4,1,0.2,0.06,4.3,7.3,0.02,1.6,11.8,0.1,0.8,0.1,0.08,2.7,0.15,0.03,0.11,1.3,1.3,0.3,0.02,0.3,NA,0.5,1.6,29.9,34.3,3,0.11,0.14,2,1.5,1.9,1.7,0.04,10.4,0.04,0.05,0.03,0.37,0.01,0.5,0.18,0.02,0.26,0.08,0.012,0.55,1,0.27,0.2,0.58,0.31,0.05,0.03,1,4,6.4,17.8,2.45,0.36,0.02,20.6,5.21,NA,1.34,1.41,0.53,8.5,29.1,34.3,10.4,1,6.4,29.1,81.3,69.6,25.5,5.6,3.1,103.8,1.5,2.5,4,1.5,109.3,1.3,110.6,36.9,8.4,45.3,7.66,4.94,12.61,2.87,0.16,0.85,0.37,2.26,6.51,64.39,2,0.7,2.7,29.7,8.48,3.61,41.7,3.4,1.6,2.2,7.2,1.4,5.6,0.5,7.4,0.3,0.05,0.35,234.4,199.4,2.3,89.5,2.8,294,80,12.4,92.4,4.3,1.7,6,0.7,0.5,3.1,0.4,0.4,5,0.3,11.3,397.8,41.5,39,3.2,0.4,3.4,3,0.6,0.3,2.8,13.6,2.8,55.5,397.8,41.5,55.5,494.7,24,11,4,6,21,18,16,100,495,234,81,129,436,372,328,2076
1983,26.5,50.4,6.2,7.8,94.2,177.1,12.4,374.8,0.5,2.6,2.7,3.5,3.1,0.1,12.4,387.2,195.5,86.8,36.2,9.5,132.4,1.4,3.5,332.8,332.6,20.8,353.4,2.9,23.1,26.8,9.7,8.7,45.2,10.8,2.6,438,0.11,0.04,0.35,0.37,0.09,1.22,1.77,0.12,0.66,NA,1.47,0.28,0.07,0.05,0.69,2.02,NA,NA,NA,0.28,NA,0.08,2.63,37.31,NA,0.04,0.24,0.07,0.25,1.49,2.38,NA,54.11,0.05,0.48,0.17,0.19,6.18,1.21,0.95,0.31,0.58,0.67,3.33,0.34,14.46,0.01,0.31,0.34,0.28,0.1,1.09,1.17,0.26,15,0.09,0.42,19.08,0.72,5.54,6.25,27.2,8.97,0.51,9.49,130.59,3.5,0.4,1.1,0.2,0.08,5.3,7.6,0.02,1.9,11.1,0.1,0.6,0.2,0.05,2.6,0.15,0.03,0.16,1.3,1.3,0.3,0.02,0.4,NA,0.5,1.4,29.8,35,2.9,0.09,0.09,1.5,1.2,1.7,1.7,0.04,9.2,0.03,0.02,0.03,0.39,0.02,0.5,0.16,0.03,0.25,0.11,0.005,0.55,1,0.38,0.23,0.56,0.31,0.1,0.03,1.2,4.1,6.9,23.9,2.32,0.34,0.02,26.6,5.66,NA,1.88,1.36,0.42,9.3,35.9,35,9.2,1,6.9,35.9,88.1,67.9,26.5,5.4,3.1,103,1.6,2.6,4.2,1.5,108.7,1.6,110.3,38.6,8.1,46.6,8.66,5.06,13.72,2.78,0.16,0.82,0.38,1.96,6.11,66.46,1.9,0.7,2.6,30.4,8.83,3.65,42.9,3.4,1.4,2.4,7.1,1.4,5.9,0.5,7.9,0.3,0.05,0.36,237.6,203.7,2.3,94.6,2.8,303.4,80.4,12.9,93.3,4.6,1.8,6.3,0.7,0.3,3.6,0.4,0.5,5.5,0.3,12.1,408.9,40.9,38.3,3.1,0.3,3.4,3.3,0.6,0.4,3.2,14.2,2.9,55.4,408.9,40.9,55.4,505.1,24,11,4,6,21,18,16,100,505,238,88,131,438,387,333,2120
1984,26.9,50.1,6.8,6.4,115.3,169.2,13.6,388.3,0.5,2.8,3,3.8,3.1,0.1,13.3,401.6,185.4,103.5,36.5,9.6,149.6,1.4,3.3,339.7,334.8,23.1,357.9,2.9,24.5,30,10,9.2,49.2,10.7,2.6,447.8,0.14,0.04,0.38,0.45,0.1,1.28,1.82,0.16,0.67,NA,1.54,0.29,0.06,0.05,0.53,2.25,NA,NA,NA,0.3,NA,0.08,2.83,36.19,NA,0.04,0.26,0.08,0.25,1.6,2.51,NA,53.91,0.06,0.43,0.14,0.28,5.43,1.23,0.81,0.31,0.63,0.65,3.74,0.36,14.08,0.01,0.38,0.38,0.33,0.11,1.31,1.26,0.4,16.72,0.09,0.36,21.36,0.64,5.71,6.35,27.53,7.73,0.53,8.26,131.49,2.8,0.4,0.8,0.2,0.07,4.2,7.6,0.04,1.6,11.6,0.1,0.8,0.2,0.05,2.8,0.15,0.04,0.16,1.7,1.1,0.2,0.03,0.6,NA,0.6,1.8,31.2,35.4,2.8,0.11,0.15,1.7,1.3,1.5,1.5,0.03,9.2,0.02,0.11,0.03,0.37,0.01,0.53,0.19,0.02,0.24,0.1,0.007,0.55,1.1,0.4,0.23,0.71,0.28,0.1,0.03,1.2,5,7.9,19.9,1.19,0.24,0.02,21.4,6.58,NA,1.62,1.32,0.32,9.8,31.2,35.4,9.2,1.1,7.9,31.2,84.8,65.7,28.1,5.2,3.4,102.5,1.9,2.6,4.6,1.6,108.6,1.8,110.4,40.4,7.5,47.9,9.5,5.49,15,2.76,0.18,0.89,0.4,2.27,6.5,69.36,1.9,0.7,2.6,30.6,8.9,3.71,43.2,3,1.6,2.7,7.3,1.5,6.6,0.5,8.7,0.3,0.05,0.39,242,203.1,2.5,94.2,2.8,302.6,83.3,12.9,96.2,4.7,2,6.8,0.8,0.3,3.6,0.4,0.7,5.7,0.3,12.8,411.6,40.9,38.9,3.6,0.4,3.8,3,0.6,0.6,2.9,14.9,2.9,56.7,411.6,40.9,56.7,509.2,24,11,4,6,21,19,16,100,509,242,85,131,448,402,340,2157
1985,26.4,51.6,5.7,7.3,127,179.6,12.5,410,0.6,3,3.3,3.9,3.3,0.1,14.1,424.1,174.4,125.6,37.5,9.7,172.8,1.4,3.1,351.9,348.2,26.4,374.6,2.9,31.2,32.9,10.4,9.7,52.9,11.4,2.6,475.6,0.15,0.04,0.4,0.47,0.1,1.3,1.77,0.16,0.65,NA,1.54,0.28,0.06,0.05,0.73,2.13,NA,0.31,NA,0.31,NA,0.07,2.95,34.69,NA,0.04,0.25,0.1,0.26,1.74,2.63,NA,53.18,0.05,0.44,0.13,0.21,6.33,1.37,0.82,0.32,0.68,0.68,3.45,0.31,14.79,0.01,0.4,0.43,0.28,0.1,1.3,1.33,0.31,17.38,0.11,0.4,22.05,0.68,6.22,6.9,26.95,9.95,0.55,10.49,134.36,2.7,0.3,0.7,0.2,0.08,4,7.1,0.05,1.3,12.3,0.1,0.8,0.1,0.05,3.2,0.17,0.05,0.16,1.4,1.2,0.2,0.02,0.4,NA,0.6,1.7,31.1,35.1,2.9,0.11,0.13,1.9,1.3,1.5,1.7,0.04,9.8,0.02,0.09,0.05,0.37,0.01,0.53,0.17,0.02,0.23,0.15,0.009,0.58,1.1,0.37,0.08,0.53,0.28,0.05,0.03,1.2,5,7.6,19.8,2.16,0.3,0.03,22.3,6.58,NA,1.31,1.66,0.37,9.9,32.2,35.1,9.8,1.1,7.6,32.2,85.8,63.9,30,5.4,3.7,103,1.9,2.7,4.5,1.6,109.1,2,111.1,41.4,7.8,49.2,10.88,5.77,16.64,2.86,0.22,0.95,0.39,2.12,6.54,72.35,1.8,0.8,2.6,30.5,8.87,4.74,44.1,2.8,1.8,2.8,7.4,1.6,6,0.6,8.1,0.4,0.05,0.42,246.1,205.1,2.6,95.1,2.7,305.5,85.9,13.6,99.5,5.3,2.1,7.4,0.7,0.5,3.7,0.5,0.5,5.8,0.3,13.6,418.6,40.1,41,4.4,0.4,3.3,3.1,0.7,0.7,2.7,15.2,3,59.2,418.6,40.1,59.2,517.9,23,11,4,6,21,19,16,100,518,246,86,134,476,424,352,2236
1986,26.1,54,5.6,6.7,122.5,187.8,13.4,416.2,0.7,3.1,3.5,4,3.6,0.1,15,431.2,167,127.1,37.7,9.9,174.7,1.5,3.6,346.8,348.8,29,377.8,2.9,35.6,38.3,10.7,10.8,59.7,11.5,2.6,490.1,0.13,0.05,0.42,0.56,0.1,1.29,1.77,0.19,0.61,NA,1.45,0.29,0.06,0.04,0.53,1.98,NA,0.22,NA,0.32,NA,0.05,2.97,36.58,NA,0.03,0.25,0.08,0.27,1.41,2.79,NA,54.49,0.05,0.46,0.13,0.18,6.43,1.25,0.87,0.33,0.73,0.65,3.47,0.32,14.86,0.01,0.32,0.39,0.28,0.1,1.24,1.21,0.39,17.72,0.1,0.44,22.2,0.82,6.07,6.88,27.79,9.11,0.86,9.98,136.2,3.2,0.3,0.8,0.2,0.09,4.6,7.4,0.03,2,13.5,0.1,0.9,0.1,0.05,3.3,0.2,0.06,0.18,1.4,1.3,0.3,0.02,0.4,NA,0.6,1.6,33.6,38.2,2.7,0.06,0.08,2.1,1.4,1.7,1.9,0.04,9.9,0.02,0.16,0.04,0.39,0.01,0.62,0.22,0.02,0.27,0.15,0.008,0.67,1.3,0.26,0.2,0.33,0.31,0.02,0.03,1.1,4.8,7.1,20.7,1.7,0.22,0.03,22.6,6.49,NA,1.25,1.92,0.37,10,32.7,38.2,9.9,1.3,7.1,32.7,89.1,60.3,31.4,6,4,101.7,1.8,2.8,4.6,1.5,107.8,2.1,109.9,41.4,7.6,49,12.24,5.57,17.81,2.87,0.22,1.02,0.39,1.98,6.49,73.25,1.8,0.8,2.6,31,9.17,4.27,44.4,2.8,1.8,3.1,7.7,1.7,6.5,0.8,8.9,0.4,0.05,0.44,247.2,204.5,2.7,90.1,2.6,300,87.8,15.1,102.9,5.2,2.2,7.4,0.7,0.5,4,0.5,0.7,6.3,0.3,14,416.9,39.9,41.3,2.8,0.2,3.8,3.1,0.7,0.6,2.9,14.1,3.2,58.6,416.9,39.9,58.6,515.4,23,11,4,6,22,19,15,100,515,247,89,136,490,431,347,2256
1987,24,49.3,5.7,3.5,119.7,198.9,10.4,411.4,0.7,3.1,3.6,4.1,3.8,0.1,15.4,426.8,173.5,132.7,38.5,10.1,181.2,1.6,3.1,359.4,356.3,34.5,390.8,2.8,37.5,44.7,11,11.3,67,12.6,2.5,513.2,0.14,0.05,0.45,0.57,0.08,1.35,2.26,0.19,0.62,NA,1.5,0.32,0.06,0.04,0.82,2.32,NA,0.24,NA,0.33,NA,0.04,2.9,35.92,0.17,0.04,0.24,0.08,0.28,1.43,2.8,NA,55.25,0.05,0.44,0.13,0.15,5.65,1.3,0.8,0.29,0.73,0.64,3.56,0.27,14.01,0.01,0.35,0.48,0.33,0.11,1.29,1.09,0.33,18.32,0.08,0.44,22.83,0.66,5.97,6.62,26.94,7.8,0.71,8.52,134.17,3.1,0.3,0.9,0.2,0.08,4.6,8.6,0.02,1.4,13.1,0.1,0.9,0.2,0.04,3.3,0.18,0.08,0.2,1.5,1.6,0.3,0.02,0.6,NA,0.6,1.6,34.3,38.8,3,0.09,0.13,1.9,1.3,1.9,1.6,0.04,9.9,0.03,0.11,0.03,0.39,0.01,0.58,0.22,0.03,0.41,0.1,0.001,0.76,1.3,0.38,0.13,0.38,0.39,0.05,0.03,1.6,4.9,7.9,18.8,2.42,0.42,0.03,21.7,6.95,NA,1.7,2.09,0.37,11.1,32.8,38.8,9.9,1.3,7.9,32.8,90.7,58,31.8,5.7,4.2,99.7,1.7,2.9,4.7,1.5,105.9,2.2,108.1,44.9,5.8,50.7,13.26,6.36,19.62,2.75,0.31,1.06,0.4,1.93,6.45,76.78,1.7,0.8,2.5,30.9,9.46,4.36,44.7,2.8,1.9,3.1,7.7,2,6.5,0.6,9.1,0.4,0.06,0.43,249.4,191.3,2.2,90.9,2.5,286.9,93,17.3,110.3,5.9,2.2,8.1,0.5,0.5,3.9,0.5,0.7,6.1,0.3,14.5,411.7,39.9,41.1,3.2,0.4,3.8,2.9,0.7,0.5,2.5,13.9,4,59,411.7,39.9,59,510.6,22,11,4,6,22,19,16,100,511,249,91,134,513,427,359,2284
1988,24.3,48,5.4,3.1,118.8,207,10.3,416.9,0.7,3.1,3.8,4.2,4.1,0.1,16,432.9,172.6,136.2,39.7,10.3,186.1,1.6,2.9,363.2,366,29.9,395.9,2.8,39.3,45.6,10.7,10.8,67.1,18.3,2.3,525.8,0.13,0.05,0.48,0.69,0.08,1.34,1.94,0.19,0.67,NA,1.4,0.3,0.05,0.04,0.75,2.44,NA,0.3,NA,0.34,NA,0.08,3.15,37.17,0.21,0.04,0.23,0.09,0.3,1.3,2.98,NA,56.76,0.06,0.45,0.12,0.16,5.53,1.24,0.7,0.27,0.75,0.7,3.35,0.29,13.6,0.01,0.36,0.53,0.36,0.11,1.43,1.21,0.27,16.58,0.11,0.51,21.48,0.72,5.78,6.5,26.19,9.9,0.86,10.76,135.29,3.3,0.3,0.9,0.2,0.08,4.8,8.2,0.05,1.3,12.7,0.1,0.8,0.1,0.03,3.6,0.2,0.09,0.14,1.7,1.4,0.3,0.02,0.5,NA,0.7,1.7,33.7,38.5,3.2,0.07,0.11,1.7,1.4,1.7,1.6,0.04,9.7,0.06,0.09,0.05,0.41,0.02,0.62,0.25,0.02,0.29,0.12,0.004,0.67,1.3,0.38,0.2,0.51,0.33,0.05,0.03,1.5,5.4,8.4,18.6,1.3,0.21,0.02,20.1,6.85,NA,1.51,2.08,0.32,10.8,30.9,38.5,9.7,1.3,8.4,30.9,88.8,55.3,33,5.6,4.8,98.8,1.7,3,4.6,1.5,104.9,2.4,107.2,40.3,6.4,46.7,14.18,6.69,20.86,2.85,0.26,0.94,0.41,1.71,6.18,73.74,1.6,0.9,2.5,29,10.15,4.45,43.6,2.7,1.7,3.1,7.5,2.1,6.8,0.6,9.5,0.4,0.06,0.43,244.5,188.6,1.9,97.3,2.6,290.5,93.4,18.4,111.8,5.2,2.3,7.5,0.4,0.5,4,0.4,0.4,5.7,0.3,13.5,415.8,38.8,44.2,3.5,0.4,4.3,3.2,0.7,0.7,2.4,15.2,3.4,62.8,415.8,38.8,62.8,517.5,22,11,4,6,23,19,16,100,517,245,89,135,526,433,363,2308
1989,24,46.8,4.3,1,117.6,192.2,10.1,396,0.7,3.1,4.1,4.3,4.3,0.1,16.6,412.7,174.5,134,35.7,9.8,179.6,1.5,2.4,358,358.2,30.3,388.4,2.8,41.9,46.6,10,10.8,67.4,18.4,2.2,521.1,0.14,0.05,0.5,0.7,0.11,1.28,2.21,0.2,0.71,NA,1.57,0.3,0.05,0.04,0.7,2.59,NA,0.33,0,0.35,NA,0.08,3.19,37.49,0.27,0.05,0.24,0.09,0.34,1.3,2.98,NA,57.85,0.05,0.46,0.11,0.14,5.08,1.22,0.69,0.27,0.79,0.71,3.79,0.28,13.57,0.01,0.43,0.47,0.39,0.08,1.37,1.26,0.22,17.92,0.08,0.55,22.78,0.7,5.98,6.68,26.61,7.75,0.76,8.51,136.01,2.8,0.3,0.9,0.2,0.11,4.4,8.8,0.03,0.9,12.9,0.1,1,0.1,0.03,3.7,0.21,0.14,0.19,1.5,1.5,0.3,0.02,0.4,NA,0.7,1.7,34.3,38.6,3,0.11,0.11,2,1.4,1.8,1.7,0.04,10.1,0.03,0.13,0.1,0.43,0.02,0.7,0.28,0.02,0.29,0.16,0.001,0.75,1.5,0.35,0.25,0.51,0.35,0.02,0.03,1.8,5,8.4,19.2,2.13,0.21,0.02,21.5,6.24,0.62,1.72,2.16,0.21,11,32.5,38.6,10.1,1.5,8.4,32.5,91.1,50.6,34.7,6.2,6,97.5,1.6,2.9,4.5,1.3,103.3,1.9,105.1,38.8,6,44.8,15.15,6.39,21.54,2.74,0.18,1.02,0.37,2.17,6.48,72.85,1.4,0.9,2.3,27.1,10.66,6.56,44.3,2.5,1.3,3.4,7.3,2,5.6,0.6,8.2,0.4,0.05,0.43,240.5,179.2,1.7,96.5,2.6,280,95.6,19.4,115,5.6,2.1,7.8,0.4,0.5,4.4,0.4,0.3,5.9,0.3,14,409,37.3,44.8,3.3,0.3,3.2,2.9,0.8,0.4,3.1,14.1,3.3,62.2,409,37.3,62.2,508.5,22,11,4,6,23,18,16,100,508,241,91,136,521,413,358,2268
1990,23.3,49.6,3.3,2.2,118.4,188.8,9.3,394.8,0.6,2.9,4.2,4.2,4.6,0.1,16.7,411.5,179,137.9,37.8,10.1,185.8,1.5,2.5,368.8,371.2,37,408.2,2.8,43,46.1,9.5,10.5,66.1,18.6,2.1,540.7,0.12,0.05,0.62,0.62,0.1,1.24,2.26,0.19,0.68,NA,1.62,0.29,0.05,0.03,0.97,2.5,NA,0.35,0,0.34,NA,0.05,3.26,35.02,0.25,0.05,0.21,0.11,0.34,1.46,2.74,NA,55.55,0.05,0.44,0.1,0.18,5.82,1.17,0.78,0.3,0.84,0.64,4.11,0.47,14.9,0.01,0.41,0.49,0.36,0.09,1.41,1.41,0.19,17.77,0.04,0.44,22.6,0.92,7.07,7.99,25,9.71,0.57,10.29,136.32,2.9,0.2,0.6,0.2,0.1,4.1,8.1,0.05,1.2,12.7,0.1,0.9,0.1,0.02,3.7,0.17,0.14,0.19,1.4,1.4,0.3,0.02,0.5,NA,0.7,1.7,33.3,37.5,3.1,0.1,0.12,1.9,1.3,1.9,1.6,0.03,10,0.04,0.14,0.09,0.39,0.02,0.67,0.24,0.02,0.33,0.13,0.002,0.73,1.4,0.24,0.18,0.51,0.44,0.02,0.03,1.6,4.7,7.7,15.2,3.23,0.28,0.05,18.8,7.42,0.59,1.6,2.42,0.21,12.2,31,37.5,10,1.4,7.7,31,87.5,46.8,34.3,7.2,6.8,95.1,1.4,2.9,4.3,1.3,100.6,2,102.6,38.3,6.7,45,16.28,6.22,22.51,3,0.18,1.11,0.4,2.16,6.84,74.38,1.3,0.9,2.2,26.5,9.84,7.5,43.8,2.7,1.2,3.5,7.4,2.3,7.6,0.5,10.5,0.4,0.05,0.41,241.3,175.8,1.5,92.5,2.7,272.4,100.3,20.5,120.8,5.1,2.1,7.2,0.5,0.5,4.2,0.3,0.5,6,0.3,13.5,406.8,36.9,38.8,4,0.4,3.3,2.9,0.8,0.6,3.1,15.1,3.3,57.3,406.8,36.9,57.3,500.9,22,11,4,6,24,18,16,100,501,241,88,136,541,411,369,2287
1991,23.7,47.7,2.5,5.3,116.1,197.4,10.1,402.7,0.5,3,4,4.4,4.7,0.1,16.8,419.5,176.8,139.9,39,10.2,189,1.5,2.6,369.9,372.7,35.8,408.5,2.7,44,47.7,9,10.5,67.2,18.7,1.9,543,0.12,0.05,0.67,0.56,0.09,1.22,2.1,0.17,0.64,NA,1.42,0.29,0.05,0.03,1.03,2.35,NA,0.38,0,0.33,NA,0.05,3.39,37.62,0.25,0.04,0.22,0.12,0.36,1.28,2.72,NA,57.54,0.05,0.48,0.12,0.17,5.89,1.19,0.76,0.3,0.79,0.61,4.21,0.47,15.03,0.01,0.38,0.49,0.38,0.07,1.53,1.43,0.27,19.55,0.12,0.43,24.67,0.68,7.67,8.35,26.28,10.6,0.69,11.29,143.15,2,0.2,0.8,0.2,0.11,3.4,7.5,0.04,1.2,13.1,0.1,0.9,0.1,0.03,3.4,0.16,0.09,0.31,1.6,1.4,0.3,0.02,0.4,NA,0.7,1.6,33,36.4,2.9,0.07,0.1,1.2,1.3,1.6,1.6,0.02,8.9,0.03,0.14,0.09,0.43,0.02,0.72,0.22,0.02,0.24,0.18,0.002,0.67,1.4,0.25,0.21,0.49,0.34,0.04,0.03,1.6,4.6,7.6,19.1,1.85,0.27,0.04,21.2,6.5,0.72,2,2.44,0.19,11.9,33.1,36.4,8.9,1.4,7.6,33.1,87.3,44.9,34.3,7.5,7,93.8,1.3,3,4.3,1.2,99.3,2.1,101.4,38.3,6.4,44.7,16.93,6.5,23.42,2.7,0.16,1.16,0.37,2.55,6.94,75.06,1.2,1,2.2,27.3,9.39,8.49,45.2,2.6,1.4,3.6,7.6,1.3,6.8,0.7,8.8,0.4,0.05,0.42,240.5,173,1.4,93.3,2.6,270.3,104.3,20.8,125.2,5,2.2,7.2,0.7,0.3,4,0.4,0.3,5.6,0.3,13.2,408.7,36.7,41.9,3.3,0.3,3.1,2.9,0.7,0.5,2.7,13.5,3.2,58.6,408.7,36.7,58.6,503.9,22,10,4,6,24,18,16,100,504,241,87,143,543,419,370,2307
1992,23.4,48.9,1.5,8.7,118.1,203.1,11.4,415,0.6,3.1,4.2,4.6,5.4,0.1,17.9,432.9,178.6,144,42.1,10,196.1,0.6,2.6,377.8,372.8,43.4,416.2,2.6,43.5,48.8,8.5,11,68.3,18.6,1.9,551.2,0.13,0.05,0.75,0.63,0.09,1.29,2.26,0.16,0.69,NA,1.65,0.31,0.06,0.04,1.01,2.33,NA,0.44,0.02,0.34,NA,0.05,3.48,36.21,0.23,0.04,0.29,0.12,0.37,1.35,2.73,NA,57.11,0.05,0.47,0.09,0.26,6.31,1.07,0.84,0.29,0.97,0.64,4,0.4,15.4,0.01,0.37,0.52,0.36,0.07,1.47,1.27,0.33,19.09,0.08,0.42,24,0.62,7.12,7.74,26,11.32,0.73,12.06,142.29,3,0.3,0.8,0.2,0.16,4.5,7.9,0.04,1.9,14.1,0.1,0.8,0.1,0.03,3.3,0.18,0.15,0.24,1.5,1.4,0.3,0.03,0.5,0,0.7,1.9,35.4,39.9,3.2,0.08,0.14,2.4,1.4,1.8,1.9,0.04,10.9,0.03,0.17,0.13,0.41,0.01,0.76,0.23,0.03,0.23,0.15,0.002,0.64,1.4,0.38,0.25,0.36,0.35,0.04,0.03,1.3,4.2,7,17.6,1.43,0.25,0.03,19.3,6.72,0.7,2.15,2.31,0.17,12,31.4,39.9,10.9,1.4,7,31.4,90.6,43,33.9,7.7,7.3,91.9,1.3,3,4.4,1.1,97.4,2.2,99.6,38.8,6.8,45.6,18.05,6.82,24.87,2.63,0.16,1.26,0.35,2.22,6.62,77.04,1.1,1,2.1,26.9,8.86,8.45,44.2,2.6,1.4,3.8,7.8,1.7,7.5,0.7,9.9,0.4,0.05,0.43,241,171.7,1.4,98,2.5,273.6,109.9,20.8,130.7,5,2.3,7.3,0.7,0.3,3.9,0.3,0.1,5.3,0.3,13,417.3,36.8,39.8,3.2,0.5,2.8,2.9,0.7,0.6,3.5,14.2,3.4,57.4,417.3,36.8,57.4,511.5,22,10,4,6,23,18,16,100,512,241,91,142,551,433,378,2347
1993,25.2,48.9,1.3,8,138.2,199.3,13.8,434.7,0.6,3.1,4.3,4.5,5.5,0.1,18.2,452.9,177.5,151.4,43.8,10.3,205.5,0.5,2.8,386.4,384.3,44.2,428.5,2.7,45.2,49.8,10.1,11.5,71.4,17.3,1.9,567.1,0.12,0.05,0.81,0.61,0.11,1.39,2.96,0.18,0.68,NA,1.67,0.33,0.06,0.04,1.2,2.2,NA,0.47,0.01,0.34,NA,0.07,3.71,37.56,0.29,0.04,0.3,0.1,0.37,1.21,2.88,NA,59.79,0.05,0.47,0.11,0.16,5.89,1.01,0.63,0.3,0.85,0.62,4.14,0.41,14.65,0.01,0.37,0.5,0.44,0.08,1.59,1.18,0.31,20.47,0.1,0.5,25.54,0.86,7.58,8.44,26.77,10.45,0.63,11.08,146.28,3.3,0.3,0.8,0.2,0.14,4.9,7.9,0.04,1.1,13.9,0.1,0.9,0.1,0.03,3.3,0.14,0.15,0.32,1.4,1.5,0.3,0.03,0.4,0,0.7,1.8,34.2,39.1,2.9,0.07,0.15,1.9,1.3,1.6,1.7,0.03,9.7,0.05,0.2,0.13,0.4,0.01,0.79,0.24,0.02,0.28,0.1,0.002,0.64,1.4,0.46,0.23,0.47,0.46,0.04,0.03,1.1,4.8,7.6,20.8,1.83,0.34,0.02,23,7.65,0.63,1.97,2.02,0.22,12.5,35.4,39.1,9.7,1.4,7.6,35.4,93.2,40.9,32.9,7.5,7.8,89,1.3,3,4.4,1.1,94.4,2.5,96.9,38.4,7.2,45.6,17.55,6.81,24.36,2.63,0.12,1.25,0.35,2.95,7.3,77.31,1,0.9,1.9,26.6,8.67,9.4,44.7,2.1,1.4,3.7,7.2,1.4,6.4,0.5,8.4,0.4,0.04,0.43,236.8,167.8,1.3,96.7,2.5,268.2,113.7,20.6,134.3,5.3,2.3,7.6,0.5,0.3,3.9,0.3,0.1,5.1,0.3,13.1,415.6,36.8,38.7,3.2,0.6,3.7,2.4,0.7,0.7,3.4,14.7,3.4,56.8,415.6,36.8,56.8,509.1,21,10,4,6,24,19,16,100,509,237,93,146,567,453,386,2392
1994,25.6,43.3,2.5,8.8,135.7,195.1,12.9,424,0.5,3.1,4.5,4.6,5.8,0.1,18.6,442.5,179,156.2,44.2,10.6,211,0.7,3.4,394.1,386.1,44.8,430.9,2.5,45.5,50.7,11.7,11.8,74.2,16.4,1.9,571.4,0.18,0.05,0.75,0.82,0.1,1.36,3.46,0.18,0.68,NA,1.96,0.34,0.07,0.04,1.24,2.25,NA,0.53,0.02,0.35,NA,0.05,3.66,37.18,0.31,0.03,0.3,0.11,0.38,1.48,2.87,NA,60.74,0.04,0.45,0.1,0.22,5.36,1.12,0.57,0.35,0.72,0.62,4.16,0.51,14.22,0.01,0.41,0.5,0.44,0.07,1.49,1.36,0.31,21.32,0.09,0.53,26.52,0.41,7.34,7.74,24.81,11.16,0.54,11.7,145.74,3,0.4,0.8,0.3,0.15,4.6,8,0.04,1.2,14.5,0.1,0.8,0.1,0.03,3.3,0.17,0.15,0.35,1.3,1.5,0.3,0.04,0.5,0,0.8,1.9,35.3,39.9,3,0.11,0.16,1.4,1.3,1.8,1.6,0.03,9.4,0.03,0.21,0.14,0.39,0.01,0.77,0.24,0.02,0.27,0.17,0.002,0.7,1.5,0.49,0.37,0.33,0.45,0.03,0.03,1.3,4.5,7.5,21,2.2,0.37,0.02,23.6,7.62,0.79,1.63,1.7,0.21,12,35.6,39.9,9.4,1.5,7.5,35.6,93.9,39.8,32.1,7.5,8.4,87.8,1.3,3.1,4.4,1,93.3,2.6,95.9,38.3,7.7,46,18.36,6.95,25.32,2.53,0.12,1.19,0.38,2.87,7.09,78.39,1,0.9,1.9,26.5,9.43,9.38,45.3,2.2,1,4,7.1,1.4,9.1,0.5,11.1,0.4,0.04,0.42,240.2,173,1.3,97.7,2.2,274.2,115.1,20.7,135.8,5.4,2.3,7.7,0.5,0.3,3.7,0.3,0.4,5.2,0.3,13.2,423.2,37,36.8,2.9,0.4,2.6,2.8,0.8,0.8,3,13.3,3.5,53.5,423.2,37,53.5,513.8,21,10,4,6,24,18,16,100,514,240,94,146,571,443,394,2402
1995,24.9,39.6,1.4,9.8,127.3,198.8,13,414.8,0.6,3.1,4.8,4.9,5.5,0.1,19,433.8,180.5,160.1,45.4,11,216.6,1,3.2,401.4,379.4,42.5,421.8,2.5,48,51.7,12.9,12.3,77,15.5,1.9,566.7,0.13,0.05,0.74,0.79,0.11,1.21,3.05,0.14,0.65,NA,1.88,0.35,0.06,0.04,1.28,2,NA,0.55,0.02,0.35,NA,0.07,3.85,36.88,0.33,0.03,0.32,0.1,0.36,1.4,2.98,NA,59.73,0.05,0.42,0.11,0.24,5.53,1.18,0.62,0.3,0.67,0.69,4.07,0.46,14.35,0.01,0.35,0.56,0.4,0.07,1.7,1.32,0.4,21.49,0.1,0.47,26.86,0.57,7.33,7.9,24.69,10.85,1.17,12.01,145.55,2.8,0.4,0.8,0.3,0.18,4.4,7.7,0.03,1.4,14.1,0.2,0.9,0.1,0.03,3.5,0.16,0.14,0.41,1.3,1.5,0.3,0.04,0.3,0,0.8,1.9,34.9,39.2,2.7,0.03,0.14,1.3,1,1.4,1.4,0.02,8.1,0.05,0.19,0.14,0.44,0.01,0.84,0.26,0.02,0.27,0.16,0.002,0.71,1.6,0.38,0.31,0.38,0.27,0.03,0.02,1.3,4.3,7,20.2,2.09,0.25,0.04,22.6,6.77,0.69,2.55,1.86,0.19,12.1,34.7,39.2,8.1,1.6,7,34.7,90.5,38.1,30.3,7.9,9.3,85.6,1.3,3.2,4.5,1,91.1,3.1,94.2,38.3,8.6,46.8,18.69,8,26.69,2.43,0.1,1.14,0.37,3.05,7.09,80.61,0.9,0.9,1.8,25.8,10.41,8.46,44.7,1.5,0.9,3.3,5.7,1.4,9,0.6,11,0.4,0.05,0.42,238.5,174.8,1.4,96.5,2.2,274.8,113.8,20.6,134.5,5.3,2.2,7.4,0.7,0.3,3.8,0.3,0.4,5.4,0.4,13.2,422.5,36.6,36.1,2.6,0.6,3.6,2.4,0.8,0.7,2.6,13.1,3.5,52.7,422.5,36.6,52.7,511.7,21,10,4,6,24,18,17,100,512,239,91,146,567,434,401,2388
1996,23.2,38.9,2,10.6,125.7,192.8,10.7,403.9,0.7,3.2,5.4,4.8,5.7,0.1,19.8,423.7,180.8,159.7,45.7,11.1,216.5,2.5,3.5,403.3,397.2,44,441.1,2.5,48.3,52.6,14.6,12.9,80.1,14.4,1.9,588.4,0.14,0.05,0.86,0.83,0.1,1.23,3.38,0.15,0.66,NA,2,0.37,0.08,0.04,1.58,1.95,NA,0.55,0.01,0.36,NA,0.06,3.96,37.42,0.32,0.03,0.29,0.09,0.36,1.42,3.08,NA,61.37,0.04,0.46,0.08,0.26,5.51,0.96,0.59,0.32,0.83,0.65,4.01,0.45,14.14,0.01,0.4,0.55,0.44,0.05,1.7,1.22,0.42,23.08,0.13,0.49,28.49,0.36,9.25,9.62,24.77,10.72,0.8,11.51,149.91,2.9,0.4,0.8,0.3,0.17,4.6,7.7,0.03,1.4,14.4,0.1,1,0.1,0.03,3.1,0.17,0.13,0.49,1.1,1.4,0.3,0.07,0.4,0,0.9,2.1,35,39.6,2.7,0.03,0.1,2.3,1.2,1.4,1.5,0.02,9.2,0.03,0.16,0.15,0.44,0.02,0.79,0.23,0.02,0.24,0.14,0.003,0.63,1.4,0.39,0.25,0.36,0.25,0.03,0.01,1.7,4.1,7.1,21.2,1.98,0.31,0.02,23.5,7.29,0.74,2.14,1.86,0.17,12.2,35.7,39.6,9.2,1.4,7.1,35.7,93,37.7,29.5,7.9,9.8,84.9,1.2,3.4,4.6,0.9,90.5,3,93.4,38.9,8.5,47.4,19.46,8.04,27.49,2.37,0.1,1.09,0.39,2.19,6.15,81,0.8,0.9,1.7,26,10.46,6.41,42.8,1.5,1,2.9,5.4,1.8,9.8,0.5,12.1,0.4,0.04,0.44,236.9,176.1,1.6,90.2,2.1,270,114.8,21.3,136.1,5.3,2.1,7.4,0.7,0.3,3.5,0.3,0.3,5.2,0.3,12.9,419,36.7,36.3,3.1,0.1,3.4,2.1,0.8,0.5,3.1,13.1,3.7,53.1,419,36.7,53.1,508.9,21,10,4,6,24,18,17,100,509,237,93,150,588,424,403,2404
1997,22.6,35.8,2.8,7.8,117.5,210.6,8.7,405.8,0.7,3.2,5.9,4.9,6,0.1,20.9,426.8,180.4,168.7,48.2,10.4,227.3,2.1,3.4,413.2,401.9,40,442,2.4,47.5,53.6,15.9,12.6,82.1,13.3,1.9,589.1,0.14,0.06,0.78,0.91,0.08,1.35,3.85,0.16,0.62,0.06,1.99,0.4,0.08,0.04,1.38,2.16,0.04,0.62,0.01,0.4,0.04,0.04,4.08,35.45,0.31,0.04,0.27,0.16,0.37,1.41,3.06,0.05,60.4,0.03,0.43,0.12,0.22,4.87,1.23,0.59,0.29,0.8,0.61,3.96,0.45,13.61,0.01,0.37,0.5,0.4,0.05,1.65,1.29,0.37,22.19,0.1,0.52,27.45,0.39,8.6,8.98,23.32,10.7,1.1,11.8,145.56,3.3,0.4,0.8,0.3,0.17,5,7.5,0.04,1.5,14.2,0.2,1,0.2,0.03,3.6,0.19,0.15,0.52,1.4,1.5,0.4,0.06,0.5,0,0.8,2,35.7,40.6,3.1,0.07,0.14,1.7,1.4,1.7,1.4,0.02,9.5,0.03,0.14,0.15,0.38,0.01,0.71,0.3,0.03,0.23,0.14,0.001,0.69,1.4,0.3,0.28,0.33,0.35,0.04,0.02,1.3,4.1,6.8,21.7,1.97,0.33,0.04,24.1,6.62,0.85,2.28,1.68,0.15,11.6,35.7,40.6,9.5,1.4,6.8,35.7,94,36.6,28.4,8,9.9,83,1.2,3.5,4.7,0.9,88.6,2.9,91.5,40.3,7.4,47.7,19.33,9.04,28.36,2.2,0.08,1.02,0.42,2.08,5.8,81.87,0.8,1,1.8,26.7,10.83,5.85,43.4,2,1,2.9,6,1.4,8.7,0.5,10.7,0.4,0.04,0.43,235.6,172.3,1.4,89.2,2,265,118.1,20.2,138.4,5.1,2.2,7.3,0.6,0.3,3.4,0.3,0.5,5,0.3,12.7,416,36.9,37.1,3,0.4,3.2,2.3,0.9,0.8,3.2,13.8,4,54.9,416,36.9,54.9,507.8,21,10,4,6,24,18,17,100,508,236,94,146,589,427,413,2412
1998,23.5,34.2,2.6,11.4,117.4,204.9,10.5,404.4,0.8,3.2,6,5,5.9,0.1,21,425.5,180.6,172.5,47.5,10.1,230.1,2.1,3.4,416.1,393.4,37,430.5,2.6,50,54.2,17.5,12.6,84.3,12.7,1.9,582,0.17,0.07,0.82,0.93,0.09,1.26,2.6,0.13,0.61,0.06,2.24,0.41,0.09,0.04,1.78,2.01,0.04,0.62,0.01,0.42,0.04,0.05,3.98,35.11,0.35,0.03,0.32,0.14,0.4,1.28,3.27,0.05,59.43,0.03,0.44,0.11,0.22,4.89,0.94,0.58,0.24,0.83,0.54,4.04,0.43,13.3,0,0.41,0.45,0.43,0.09,1.61,1.21,0.36,22.34,0.09,0.48,27.48,0.49,9.16,9.66,21.9,10.48,0.98,11.47,143.24,3.4,0.4,0.8,0.2,0.21,5,7.9,0.04,1.3,14.6,0.2,1.1,0.1,0.03,3.4,0.2,0.15,0.54,1.2,1.5,0.4,0.06,0.4,0,0.8,1.8,35.7,40.7,2.4,0.06,0.13,1.6,1.2,1.6,1.2,0.02,8.1,0.05,0.15,0.17,0.43,0,0.8,0.21,0.03,0.31,0.15,0.003,0.69,1.5,0.38,0.3,0.44,0.29,0.03,0.02,1.4,4.2,7.1,23.6,2.14,0.34,0.02,26.1,7.71,0.88,1.54,1.4,0.15,11.7,37.7,40.7,8.1,1.5,7.1,37.7,95.1,35.6,27.5,8.1,9.9,81.1,1.4,3.6,5,0.9,87,3,90,40.6,7.7,48.3,19.71,8.83,28.54,2.25,0.07,0.94,NA,2.76,6.01,82.87,0.8,1,1.8,27,11.29,6.07,44.4,1.7,0.8,2.9,5.4,1.6,8.4,0.5,10.5,0.4,0.04,0.43,235.4,174.8,1.1,96.2,2.2,274.4,119.1,20.7,139.8,4.8,2.6,7.4,0.4,0.3,3.7,0.3,0.3,5,0.3,12.7,426.8,38.3,37.6,3.2,0.3,3.3,2.4,0.9,0.8,3.2,14.2,4.3,56.2,426.8,38.3,56.2,521.3,22,10,4,6,24,18,17,100,521,235,95,143,582,425,416,2419
1999,25,32.5,2.4,13,120.5,215.9,12.3,421.6,1,3.4,6.4,5.1,6,0.1,22.1,443.7,184.3,177.3,45.4,9.7,232.4,2,3.8,422.6,398.4,34.8,433.2,2.3,50.3,55.2,18.8,12.3,86.3,12.5,1.8,586.4,0.19,0.08,0.82,1.13,0.08,1.13,2.52,0.16,0.62,0.06,2.18,0.42,0.09,0.03,2.27,2.25,0.04,0.71,0.01,0.43,0.04,0.05,4,35.75,0.33,0.03,0.37,0.14,0.4,1.23,3.37,0.05,60.97,0.04,0.43,0.1,0.21,4.82,0.99,0.56,0.27,0.82,0.62,3.89,0.49,13.25,0,0.42,0.46,0.38,0.06,1.65,1.3,0.37,22.54,0.1,0.62,27.9,0.98,6.86,7.84,23.69,11.23,0.73,11.96,145.62,2,0.4,0.8,0.2,0.2,3.6,7.7,0.04,1.7,16,0.2,1.1,0.2,0.04,3.7,0.2,0.15,0.59,1.3,1.6,0.5,0.08,0.4,0,0.9,1.9,38.3,41.9,2.7,0.05,0.14,2,1.2,1.6,1.6,0.02,9.3,0.04,0.17,0.15,0.42,0.01,0.78,0.2,0.03,0.19,0.16,0.002,0.59,1.4,0.31,0.24,0.39,0.26,0.04,0.02,1,4.1,6.4,23.4,2.06,0.24,0.02,25.7,7.66,1,2.46,1.59,0.14,12.8,38.6,41.9,9.3,1.4,6.4,38.6,97.5,35.8,27.4,8,9.5,80.7,1.6,3.7,5.3,0.9,86.8,3.1,89.9,42.4,8.7,51.1,20.68,8.53,29.21,2.43,0.07,0.78,NA,3.02,6.31,86.58,0.8,1,1.8,27.8,10.47,5.81,44.1,1.8,0.7,3.2,5.7,1.4,7.4,0.5,9.3,0.4,0.04,0.46,237.9,177,1,98.3,2.2,278.3,126.5,20.5,147.1,4.9,2.6,7.4,0.4,0.3,3.7,0.4,0.4,5.2,0.3,12.9,438.3,39.8,38.6,5.3,0.6,2.8,3.2,1,1,3.2,17.1,4,59.7,438.3,39.8,59.7,537.9,22,10,4,6,24,18,17,100,538,238,98,146,586,444,423,2472
2000,24.2,33.3,2.8,14.5,181.2,253.2,12.1,521.3,NA,3.6,NA,5.5,6.4,0.1,15.6,536.9,182.2,173.7,43.9,9.4,227,2.1,4,415.4,399.7,41.1,440.8,2.3,51,55.8,20.1,12.3,88.2,12.4,1.8,596.5,0.18,0.09,0.87,1.08,0.09,1.33,2.51,0.15,0.59,0.06,2.17,0.4,0.1,0.04,1.53,2.12,0.04,0.79,0.02,0.45,0.05,0.04,4.08,35.33,0.26,0.04,0.4,0.2,0.43,1.39,3.36,0.05,60.21,0.04,0.48,0.11,0.16,4.78,1.15,0.61,0.26,0.9,0.6,3.83,0.52,13.43,0.01,0.39,0.49,0.43,0.06,1.49,1.36,0.39,22.14,0.16,0.49,27.4,0.67,8.72,9.39,23.93,11.08,0.99,12.07,146.43,2.7,0.5,0.7,0.2,0.21,4.4,7.2,0.04,1.9,14.9,0.1,1.1,0.2,0.05,3.5,0.19,0.16,0.64,1.3,1.5,0.5,0.08,0.4,0,1,1.7,36.5,40.9,2.4,0.04,0.12,1.3,1.3,1.4,1.5,0.02,8,0.04,0.14,0.17,0.49,0.01,0.85,0.17,0.03,0.22,0.22,0.002,0.64,1.5,0.25,0.36,0.27,0.28,0.03,0.01,1.2,3.9,6.3,23,1.87,0.31,0.04,25.3,7.65,0.85,1.92,1.48,0.13,12,37.3,40.9,8,1.5,6.3,37.3,94,36,27.1,8.2,8.8,80.1,1.7,4.3,6,0.8,86.9,3.3,90.2,41.8,9.1,50.9,21.43,8.84,30.26,2.27,0.08,0.83,NA,3.43,6.61,87.75,0.8,1,1.8,27.7,9.92,5.59,43.2,1.9,0.6,2.8,5.3,1,7,0.6,8.6,0.4,0.05,0.48,237.2,177.6,0.9,95.2,2.1,275.8,128.1,20.3,148.4,4.8,2.7,7.5,0.4,0.3,4,0.4,0.4,5.5,0.3,13.3,437.5,39.4,37.2,4.4,0.4,3.3,2.8,0.9,1.2,2.9,15.8,4.3,57.4,437.5,39.4,57.4,534.3,21,9,4,6,23,21,16,100,534,237,94,146,596,537,415,2561
2001,23.5,28.3,4.1,11.1,186.4,267,11.4,531.8,NA,4,NA,5.9,5.9,0.1,15.9,547.7,179.2,172.9,43,9.2,225,2.5,3.4,410.2,382.9,42.3,425.2,2.3,51.7,56.8,21.4,12.1,90.2,12.8,1.8,584,0.18,0.08,0.86,0.99,0.07,1.32,2.56,0.13,0.6,0.06,2.2,0.39,0.11,0.04,1.67,2.07,0.04,0.75,0.02,0.44,0.05,0.05,3.99,34.89,0.23,0.04,0.43,0.15,0.41,1.45,3.39,0.04,59.73,0.04,0.45,0.1,0.17,4.63,0.88,0.54,0.23,0.9,0.56,3.58,0.54,12.62,0.01,0.4,0.45,0.35,0.06,1.52,1.26,0.3,22.37,0.13,0.56,27.4,0.45,8.2,8.64,26.63,10.14,0.88,11.02,146.04,2.8,0.5,0.7,0.3,0.23,4.4,6.5,0.02,2.2,13.9,0.2,1.1,0.2,0.05,3.5,0.16,0.13,0.65,1.3,1.5,0.5,0.1,0.4,0,0.9,1.9,35,39.4,2.6,0.04,0.12,2.2,1.2,1.4,1.3,0.01,8.9,0.04,0.16,0.19,0.57,0,0.96,0.2,0.04,0.2,0.22,0.002,0.66,1.6,0.26,0.33,0.32,0.28,0.03,0.01,1.1,3.8,6.2,21.3,1.93,0.41,0.05,23.7,7.62,0.72,1.86,1.52,0.14,11.9,35.5,39.4,8.9,1.6,6.2,35.5,91.6,34.8,26.7,8.1,8.5,78.2,1.8,4.5,6.2,0.8,85.2,3.5,88.7,41.8,9.5,51.3,22.12,8.77,30.89,2.5,0.08,0.79,NA,3.22,6.58,88.78,0.8,1,1.8,27.1,9.78,4.89,41.8,1.9,0.6,2.5,5,0.4,8.7,0.5,9.5,0.5,0.05,0.53,236.2,173.6,0.8,93.8,2.2,270.4,127.6,20.5,148.1,4.8,2.7,7.6,0.5,0.3,3.3,0.3,0.5,4.9,0.3,12.8,431.2,39.5,37.5,4.6,0.5,3.2,2.6,0.9,1.1,4.5,17.4,4.3,59.3,431.2,39.5,59.3,530,21,9,4,6,23,22,16,100,530,236,92,146,584,548,410,2546
2002,23.8,26.4,4.7,12.3,188.4,298,11.1,564.6,NA,NA,NA,6.1,6.2,0.1,12.4,577,175.8,173.7,42.9,9.1,225.7,2.4,3.8,407.7,370.7,41.8,412.5,2.3,50.8,57.7,22.7,12.1,92.5,12.9,1.8,572.7,0.19,0.09,0.88,0.99,0.06,1.24,2.3,0.13,0.59,0.06,2.15,0.42,0.09,0.04,1.72,2.03,0.04,0.9,0.03,0.45,0.04,0.04,4.18,33.17,0.22,0.04,0.41,0.2,0.45,1.25,3.59,0.04,58.02,0.04,0.4,0.1,0.15,4.17,1.27,0.44,0.26,1.02,0.5,3.79,0.44,12.56,0.01,0.37,0.46,0.33,0.03,1.53,1.08,0.36,21.12,0.13,0.82,26.25,0.47,8.17,8.63,24.94,9.85,0.91,10.75,141.15,2.7,0.5,0.6,0.3,0.17,4.3,6.6,0.03,2.1,14,0.2,1.1,0.2,0.04,3.9,0.18,0.11,0.72,1.3,1.4,0.6,0.1,0.4,0,0.9,1.8,35.7,40,2.2,0.04,0.02,1.9,1.3,1.2,1.4,0.01,8.2,0.04,0.11,0.15,0.5,0,0.79,0.15,0.03,0.19,0.2,0.001,0.56,1.4,0.26,0.22,0.4,0.34,0.03,0.01,1.3,4,6.6,20.8,1.67,0.26,0.03,22.8,7.68,0.89,2.07,1.56,0.12,12.3,35.1,40,8.2,1.4,6.6,35.1,91.2,34.5,26.6,8.1,8.4,77.5,1.7,4.7,6.4,0.7,84.7,4.1,88.7,41.3,9.9,51.2,22.21,9.12,31.33,2.42,0.09,0.77,NA,3.6,6.87,89.44,0.8,1,1.8,27.9,8.66,4.98,41.5,2.3,0.6,2.7,5.6,0.7,8.9,0.5,10.1,NA,0.06,0.06,237.2,177.5,0.8,96.1,2.2,276.6,134.2,20.7,154.9,5.1,3,8.1,0.7,0.2,3.5,0.3,0.5,5.1,0.3,13.5,445,39.9,37.3,5.9,0.5,3.3,3.3,0.8,1.2,5.1,20.1,4.2,61.6,445,39.9,61.6,546.5,21,9,4,5,22,22,16,100,546,237,91,141,573,577,408,2574
2003,24.1,21.3,4.6,13.8,186.7,301.7,10.6,562.9,NA,NA,NA,5.5,6.2,0.1,11.7,574.6,169.2,168.2,42.2,8.6,219,2.6,3.6,394.3,373.7,38.4,412.1,2.2,51.7,58.4,24,12.1,94.4,13.2,1.8,575.4,0.21,0.09,0.89,0.98,0.08,1.1,2.4,0.14,0.59,0.07,2.2,0.39,0.09,0.04,1.95,2,0.03,1.02,0.02,0.45,0.05,0.06,4.22,35.05,0.21,0.03,0.39,0.23,0.42,1.56,3.43,0.05,60.44,0.04,0.44,0.09,0.16,4.43,1.04,0.52,0.26,0.98,0.5,3.81,0.45,12.73,0.01,0.39,0.57,0.32,0.04,1.48,1.16,0.34,21.84,0.15,0.69,26.98,0.8,8.57,9.37,26.31,9.73,0.7,10.43,146.26,2.8,0.5,0.6,0.3,0.27,4.4,7,0.04,2.3,13.7,0.2,1.1,0.2,0.04,3.6,0.18,0.11,0.75,1.3,1.4,0.7,0.11,0.4,0.1,1.1,1.7,35.9,40.3,2.5,0.04,0.1,2.1,1.1,1.3,1.5,0.01,8.6,0.04,0.15,0.19,0.58,0.01,0.97,0.23,0.02,0.26,0.23,0.003,0.73,1.7,0.2,0.34,0.3,0.27,0.11,0.01,1.1,3.6,5.9,20.2,1.4,0.42,0.03,22,8.27,0.97,2.27,1.64,0.14,13.3,35.3,40.3,8.6,1.7,5.9,35.3,91.7,33.9,26.3,7.9,8,76.2,1.7,4.9,6.7,0.7,83.6,4.4,87.9,39.7,10.3,50,22.37,9.56,31.93,2.51,0.09,0.75,NA,3.78,7.13,89.05,0.8,1,1.8,27.4,10.02,4.71,42.1,2.4,0.9,2.4,5.7,0.7,8.8,0.5,10,NA,0.06,0.06,236.6,170.4,0.8,96.7,2.1,270,136,20.4,156.4,4.8,3.4,8.2,0.5,0.2,3.8,0.3,0.5,5.2,0.3,13.8,440.2,40.5,40.6,6.2,0.3,3.2,3.2,1,1.1,6.2,21.1,4.1,65.9,440.2,40.5,65.9,546.6,21,9,4,6,22,22,15,100,547,237,92,146,575,575,394,2566
2004,24.3,21.2,2.7,14.4,186.5,300,11.8,561.1,NA,NA,NA,5.7,6.3,0.1,12.1,573.2,171.1,165.6,43.4,9.2,218.2,2.3,3.2,394.9,370.9,34.4,405.2,2.2,51.5,59.3,25.2,11.8,96.4,13.2,1.8,570.4,0.2,0.1,0.92,0.98,0.08,1.2,2.38,0.14,0.59,0.07,2.15,0.4,0.09,0.04,1.77,1.92,0.03,1.13,0.02,0.45,0.05,0.07,4.74,34.35,0.25,0.04,0.37,0.26,0.41,1.56,3.53,0.05,60.32,0.04,0.44,0.09,0.16,4.37,1.15,0.49,0.27,1.07,0.43,3.85,0.52,12.88,0.01,0.41,0.58,0.31,0.04,1.49,1.01,0.22,21.95,0.17,0.68,26.88,0.64,7.65,8.29,25.18,8.62,0.73,9.34,142.89,2.5,0.5,0.6,0.3,0.28,4.1,7.8,0.04,2.7,13.5,0.3,1,0.3,0.04,3.6,0.17,0.12,0.73,1.3,1.3,0.7,0.13,0.3,0.1,1.1,1.6,36.8,41,2.5,0.04,0.07,1.9,1.2,1.2,1.4,0.01,8.3,0.03,0.1,0.16,0.52,0.02,0.83,0.15,0.02,0.27,0.21,0.002,0.66,1.5,0.22,0.24,0.28,0.27,0.1,0.01,0.9,3.9,6,20.4,1.37,0.26,0.06,22.1,9.04,0.96,2.16,1.31,0.16,13.6,35.7,41,8.3,1.5,6,35.7,92.5,32.5,26.3,7.9,7.9,74.6,1.5,5.4,6.8,0.7,82.1,4.7,86.7,43.2,8.6,51.8,22.9,9.78,32.68,2.67,0.07,0.68,NA,3.8,7.22,91.68,0.8,1,1.8,25.2,9.73,4.7,39.6,2,0.8,2.4,5.2,0.5,12.3,0.5,13.3,NA,0.05,0.05,238.4,173.3,0.7,95.6,2.1,271.8,140.1,20,160.1,4.7,3.7,8.4,0.4,0.2,3.7,0.4,0.5,5.2,0.3,13.9,445.8,40.2,42.5,4.9,0.4,3.4,3.3,1.2,1.5,6.6,21.4,3.8,67.7,445.8,40.2,67.7,553.7,22,9,4,6,22,22,15,100,554,238,92,143,570,573,395,2566
2005,24.4,16.3,5.6,13.7,166.5,321,12.9,560.4,NA,NA,NA,5.9,6.4,0.1,12.4,572.8,175.1,163.5,42.5,9,215,2.3,3.8,396.1,366.5,38.3,404.8,2.2,51.6,60,26.2,11.8,98,13.1,1.8,571.5,0.2,0.1,0.98,0.98,0.09,1.16,2.36,0.15,0.56,0.06,2.07,0.39,0.11,0.03,1.68,1.89,0.04,0.91,0.01,0.45,0.04,0.08,4.52,30.92,0.27,0.04,0.36,0.33,0.43,1.51,3.56,0.04,56.33,0.03,0.47,0.1,0.17,4.57,0.9,0.43,0.23,1.06,0.33,4.02,0.56,12.87,0,0.38,0.59,0.31,0.04,1.55,1.02,0.25,20.8,0.12,0.82,25.89,0.48,7.09,7.57,24.59,8.79,0.85,9.64,136.88,2.7,0.4,0.4,0.3,0.32,4.1,6.9,0.04,3,13.1,0.2,0.9,0.2,0.03,4,0.16,0.13,0.68,1.2,1.3,0.8,0.11,0.3,0,1.2,1.7,36.2,40.2,2.3,0.03,0.08,2.2,1.1,1.1,1.5,0.01,8.3,0.05,0.18,0.19,0.66,0.02,1.1,0.19,0.02,0.26,0.21,0.001,0.68,1.8,0.23,0.35,0.29,0.22,0.1,0.01,0.9,3.8,5.8,19.6,0.82,0.33,0.06,20.9,7.96,0.96,2.88,1.25,0.17,13.2,34.1,40.2,8.3,1.8,5.8,34.1,90.2,31.2,26.5,8,8.1,73.8,1.3,5.5,6.8,0.6,81.3,5.2,86.5,43,8.1,51,23.51,10.23,33.73,2.75,0.08,0.72,NA,3.87,7.42,92.19,0.8,1,1.8,26,8.96,4.76,39.7,2.1,0.8,2.7,5.6,0.5,10.6,0.6,11.7,NA,0.05,0.05,237.6,171.8,0.6,92.8,2,267.3,143,19.6,162.5,5.2,3.3,8.5,0.5,0.2,3.5,0.4,0.4,5,0.3,13.7,443.6,39.6,42.5,3.3,0.1,3.1,2.6,1,0.9,5.4,16.5,4,63,443.6,39.6,63,546.1,21,9,4,5,22,22,16,100,546,238,90,137,571,573,396,2551
2006,25.2,18.5,6.1,14.1,142.6,334.6,17.1,558.3,NA,NA,NA,6.4,6.6,0.1,13.1,571.4,172.7,160.8,38.2,8.6,207.6,2.4,4.2,386.8,369.5,39.8,409.2,2.2,54.1,60.6,27.5,11.5,99.7,13.3,1.8,580.2,0.24,0.1,1,1.06,0.09,1.16,2.21,0.15,0.57,0.05,2,0.38,0.11,0.04,1.86,1.81,0.03,1.13,0.01,0.44,0.03,0.08,4.31,28.9,0.26,0.04,0.41,0.28,0.44,1.54,3.5,0.05,54.29,0.03,0.47,0.1,0.14,4.44,0.7,0.46,0.26,1.11,0.28,3.52,0.5,12.02,0.01,0.4,0.49,0.32,0.04,1.55,1.01,0.31,20.38,0.09,0.84,25.45,0.76,6.9,7.66,28.52,9.34,1.38,10.72,138.67,2.4,0.5,0.3,0.4,0.34,3.9,7.3,0.02,3,13.1,0.3,0.9,0.3,0.03,3.5,0.16,0.13,0.76,1.1,1.4,0.8,0.13,0.3,0.1,1.2,1.9,36.7,40.6,2.3,0.02,0.06,1.2,1,1.1,1.5,0.01,7.2,0.03,0.15,0.18,0.65,0.03,1.05,0.19,0.01,0.33,0.17,0.006,0.7,1.7,0.31,0.32,0.36,0.23,0.06,NA,0.7,3.9,6,18.1,0.73,0.3,0.07,19.2,9.44,1.04,2.49,1.3,0.17,14.4,33.7,40.6,7.2,1.7,6,33.7,89.2,30.1,26.5,8.1,8.1,72.9,1.2,5.6,6.8,0.6,80.3,5.6,85.9,44.1,8.5,52.7,23.94,10.55,34.49,2.74,0.07,0.86,NA,3.92,7.59,94.74,0.8,1,1.8,26.4,9.15,4.88,40.4,2.1,0.8,3.1,5.9,0.4,7.5,0.7,8.6,NA,0.05,0.05,237.3,172.7,0.6,91.7,2,267,143.8,19.8,163.6,5.5,3.5,9,0.2,0.3,3.2,0.4,0.3,4.5,0.4,13.9,444.5,39.7,41.6,5.5,0.4,3.1,3.4,1,0.9,5.9,20.3,3.9,65.8,444.5,39.7,65.8,550,22,9,3,5,23,22,15,100,550,237,89,139,580,571,387,2554
2007,25.3,18.3,5.9,10.7,120.3,377,13.4,570.9,NA,NA,NA,6.4,6.7,0.1,13.2,584.1,170,155.3,38.1,8.3,201.6,2.2,3.3,377.1,376.4,40.1,416.6,2.2,54,60.9,28.8,11.5,101.3,13.5,1.8,589.3,0.22,0.1,0.99,1.05,0.1,1.21,2.19,0.15,0.59,0.05,2.2,0.4,0.11,0.03,1.89,1.66,0.04,1.07,0.01,0.42,0.02,0.08,4.71,28.89,0.27,0.04,0.43,0.23,0.39,1.73,3.39,0.04,54.68,0.03,0.42,0.08,0.14,3.64,0.88,0.48,0.25,1.02,0.31,3.75,0.5,11.5,0.01,0.44,0.58,0.24,0.04,1.64,1.17,0.29,20.35,0.13,0.79,25.68,0.44,7.23,7.67,28.47,9.19,0.87,10.07,138.06,1.7,0.5,0.4,0.3,0.34,3.2,6.6,0.05,3,13.7,0.3,0.9,0.3,0.04,3.7,0.15,0.12,0.75,1.1,1.2,0.8,0.14,0.3,0.1,1.3,1.8,36.3,39.5,2.2,0.03,0.06,2.1,1.2,1.1,1.3,0.01,8,0.04,0.16,0.19,0.59,0.02,1,0.2,0.02,0.34,0.26,0.002,0.8,1.8,0.29,0.31,0.28,0.2,0.12,NA,0.7,3.8,5.7,17.1,1.02,0.28,0.05,18.4,9.71,0.99,3.16,1.05,0.22,15.1,33.6,39.5,8,1.8,5.7,33.6,88.6,28.8,26.6,8.2,8.1,71.8,1.1,5.5,6.7,0.6,79,5.8,84.9,42.8,8.7,51.5,25.22,10.96,36.18,2.77,0.06,0.93,NA,3.98,7.74,95.39,0.7,1.1,1.8,25.4,9.15,5.1,39.7,1.8,0.8,4.1,6.7,0.6,7.4,0.6,8.6,NA,0.05,0.05,237,170.9,0.6,94.2,2.1,267.7,141.5,20.5,162,5.6,3.3,8.9,0.4,0.3,3,0.4,0.4,4.6,0.3,13.8,443.5,38.8,40.2,6.5,0.3,3.1,3,0.8,1.3,6.5,21.6,4.1,65.8,443.5,38.8,65.8,548,21,9,3,5,23,23,15,100,548,237,89,138,589,584,377,2562
2008,26.9,17,3.8,10.7,103.4,405.8,13.1,580.7,NA,NA,NA,6.4,6.5,0.1,13,593.7,180.9,146.4,37.1,7.6,191.1,2.2,3.5,377.7,374.3,37,411.3,2.1,54.5,61.6,30.1,11.5,103.2,13.4,1.8,586.4,0.22,0.1,0.99,1.14,0.11,1.24,2.18,0.14,0.58,0.05,2.18,0.39,0.1,0.03,1.93,1.52,0.04,0.95,0.01,0.41,0.02,0.08,4.43,28.12,0.25,0.04,0.38,0.24,0.38,1.76,3.25,0.03,53.3,0.04,0.39,0.08,0.14,3.59,0.83,0.45,0.21,1.08,0.33,3.66,0.51,11.31,0.01,0.44,0.59,0.24,0.05,1.52,1.14,0.28,19.7,0.14,0.77,24.87,0.65,6.87,7.52,24.03,9.31,0.63,9.95,130.97,2.3,0.6,0.4,0.2,0.37,3.8,6.3,0.04,3.2,13.3,0.4,0.9,0.3,0.04,3.8,0.14,0.13,0.74,1.2,1.4,0.7,0.13,0.3,0.1,1.3,1.9,36.3,40.1,2.6,0.03,0.06,1.4,1,1.1,1.3,0.01,7.5,0.04,0.16,0.16,0.62,0.02,1,0.16,0.02,0.29,0.21,0.003,0.68,1.7,0.28,0.27,0.46,0.21,0.11,NA,0.7,3.6,5.6,15.6,1.07,0.25,0.06,17,8.96,1.15,2.55,1.31,0.21,14.2,31.2,40.1,7.5,1.7,5.6,31.2,86.1,27.4,26.8,8.3,8.1,70.7,1,5.5,6.5,0.6,77.8,5.9,83.7,43.2,9.4,52.7,23.91,11.06,34.97,2.45,0.06,1.03,NA,3.62,7.15,94.79,0.7,1,1.6,24.5,9.13,4.91,38.5,2,0.9,3.7,6.6,0.3,7.8,0.7,8.9,NA,0.05,0.05,234.2,163.3,0.6,91.6,1.9,257.4,138.7,20.6,159.3,5.3,3.3,8.6,0.1,0.3,3.1,0.4,0.5,4.5,0.3,13.4,430.2,37.8,40.8,7.5,0.3,3.4,3,0.8,0.6,5.8,21.4,3.7,65.9,430.2,37.8,65.9,533.9,21,9,3,5,23,23,15,100,534,234,86,131,586,594,378,2543
2009,26.8,14.8,5.3,2.5,91.5,383.3,13.4,537.6,NA,NA,NA,6.6,6.4,0.1,13.1,550.7,176.2,138,36,7.5,181.6,2.1,3.3,363.2,368.1,37.5,405.6,2.1,54.4,61.6,30.1,11.5,103.2,13.3,1.8,580.4,0.22,0.11,1.02,1.18,0.1,1.13,1.99,0.15,0.57,0.05,2.18,0.41,0.1,0.02,1.71,1.46,0.05,0.9,0.01,0.4,0.02,0.07,4.33,27.14,0.21,0.03,0.34,0.28,0.4,1.86,3.43,0.02,51.9,0.03,0.43,0.08,0.13,4.04,1.19,0.52,0.2,1.15,0.3,3.84,0.45,12.36,0.01,0.4,0.55,0.24,0.04,1.49,1.07,0.21,19.28,0.13,0.87,24.28,0.83,6.56,7.39,20.92,8.31,1.25,9.56,126.4,2.1,0.6,0.4,0.3,0.37,3.7,6.2,0.04,3.4,11.8,0.5,0.9,0.4,0.03,3.6,0.14,0.14,0.7,1.1,1.5,0.7,0.17,0.2,0.1,1.4,1.8,34.7,38.4,2.3,0.03,0.07,1.4,1.1,1.2,1.3,0.01,7.4,0.04,0.22,0.15,0.54,0.03,0.97,0.16,0.01,0.34,0.2,0.002,0.73,1.7,0.19,0.27,0.47,0.16,0.07,NA,0.8,3.5,5.4,16.4,0.94,0.33,0.09,17.8,8.91,1.02,2.13,1.32,0.17,13.5,31.3,38.4,7.4,1.7,5.4,31.3,84.2,26.8,27,8.5,8,70.3,1,5.7,6.6,0.5,77.4,6.3,83.7,43.3,10.1,53.4,23.86,11.05,34.91,2.59,0.08,1,NA,3.21,6.88,95.2,0.7,1,1.6,24,9.44,4.14,37.5,2,0.8,3.6,6.5,0.9,10.5,0.7,12.1,NA,0.05,0.05,236.7,159.8,0.6,92.8,1.8,255,132.4,19.8,152.2,5.3,3.3,8.6,0.3,0.3,2.8,0.4,0.5,4.3,0.4,13.3,420.5,38,42.1,7.5,0.3,3.3,3.5,0.8,1,6.1,22.5,4.1,68.7,420.5,38,68.7,527.2,21,10,3,5,24,22,15,100,527,237,84,126,580,551,363,2469
2010,26.6,14.4,5.6,11.9,88,402.3,13.3,562.2,NA,NA,NA,6.7,6.2,0.1,13,575.2,183.3,134.4,35.1,8.1,177.6,2.7,3.7,367.3,367.3,38.9,406.1,2.1,54.4,61.6,30.1,11.8,103.5,13.4,1.8,581.2,0.21,0.12,1.07,1.15,0.1,1.18,2.08,0.11,0.56,0.07,2.19,0.4,0.1,0.02,1.65,1.44,0.06,1.06,0,0.43,0.02,0.06,4.36,27.15,0.23,0.04,0.36,0.23,0.38,2.3,3.59,0.02,52.73,0.02,0.43,0.08,0.11,3.65,0.88,0.45,0.22,1.15,0.26,3.89,0.5,11.64,0.01,0.42,0.54,0.23,0.04,1.4,0.96,0.33,19.17,0.13,0.89,24.12,0.58,6.22,6.8,22.98,9.83,1.99,11.81,130.07,2.2,0.7,0.4,0.3,0.37,3.9,5.7,0.04,3.1,13.8,0.6,0.8,0.3,0.02,3.7,0.14,0.14,0.76,1.1,1.3,0.8,0.17,0.2,0.1,1.4,1.8,36.1,40,2.2,0.03,0.03,2.5,1,0.9,1.2,0,7.9,0.04,0.24,0.17,0.67,0.03,1.16,0.12,0.01,0.31,0.19,0.001,0.64,1.8,0.21,0.26,0.66,0.16,0.15,NA,0.9,3.4,5.8,15.2,0.78,0.31,0.08,16.4,9.41,0.99,2.09,1.05,0.17,13.7,30.1,40,7.9,1.8,5.8,30.1,85.7,25.3,27.2,8.9,8.1,69.5,0.9,5.8,6.7,0.5,76.7,6.8,83.5,42.6,10.5,53.1,25.04,11.11,36.15,2.63,0.06,1.01,0.7,2.63,7.02,96.24,0.7,0.9,1.6,24,9.68,4.1,37.8,1.8,0.7,3.8,6.2,0.7,8.5,0.7,10,NA,0.05,0.05,235.4,155.9,0.6,88.5,1.7,246.6,137,19.2,156.2,5.4,3.1,8.5,0.3,0.3,3,0.4,0.5,4.6,0.4,13.5,416.3,37.9,44.2,8.6,0.3,3.7,2.8,0.8,1,5.7,23,4.3,71.5,416.3,37.9,71.5,525.7,21,9,3,5,23,23,15,100,526,235,86,130,581,575,367,2501
2011,29.1,NA,NA,NA,NA,NA,NA,NA,NA,NA,NA,6.8,5.9,0.1,12.8,NA,183.2,129.8,34,8,171.8,2.4,3.9,361.2,396,NA,396,2.1,NA,63.5,31.1,12.2,106.8,13.6,1.8,520.1,0.24,0.12,1.09,1.16,0.13,1.06,2,0.11,0.54,0.06,1.93,0.37,0.09,0.03,1.64,1.43,0.07,1.02,0,0.45,0.02,0.07,4.29,25.02,0.22,0.03,0.33,0.24,0.37,2.63,3.65,0.02,50.43,0.02,0.37,0.08,0.12,3.09,0.66,0.31,0.22,1.15,0.25,3.59,0.51,10.39,0.01,0.33,0.58,0.25,0.05,1.6,1,0.25,18.48,0.12,0.88,23.54,0.56,5.86,6.42,25.69,7.71,1.3,9,125.48,2.2,0.8,0.3,0.3,0.36,4.1,5.6,0.04,3.9,13.9,0.7,0.8,0.3,0.02,3.4,0.13,0.16,0.85,1.1,1.5,0.7,0.16,0.3,0.1,1.4,1.6,36.7,40.7,2.3,0.02,0.04,1.3,0.9,1,1.2,0,6.8,0.03,0.19,0.17,0.57,0.04,1,0.15,0.01,0.3,0.18,0.002,0.64,1.6,0.19,0.26,0.73,0.14,0.07,NA,1.2,3.4,6,15.1,0.87,0.4,0.09,16.5,7.36,1.11,2.38,1.12,0.14,12.1,28.6,40.7,6.8,1.6,6,28.6,83.7,24.5,26.7,9,7.9,68.1,0.9,5.6,6.5,0.5,75.1,6.9,82,40.6,11.2,51.7,25.62,11.82,37.44,2.54,0.09,1.24,0.71,2.96,7.54,96.71,0.6,0.9,1.6,22.7,9.62,4.26,36.6,1.8,0.6,3.8,6.2,0.8,8,0.9,9.6,NA,0.05,0.05,232.7,149.7,0.5,84.5,1.6,236.3,137.9,18.8,156.6,4.9,3.1,7.9,0.2,0.3,2.9,0.4,0.5,4.3,0.4,12.7,405.6,38,44.1,9.7,0.3,2.5,2.7,0.9,1.4,4.7,22.3,4.7,71.1,405.6,38,71.1,514.7,,,,,,,,,515,233,84,125,520,NA,361,NA
2012,29.8,NA,NA,NA,NA,NA,NA,NA,NA,NA,NA,6.9,6.4,0.1,13.5,NA,185.3,127.2,34.9,7.4,169.5,2.4,4,361.1,401.5,NA,401.5,2.1,NA,63.1,30.9,12.1,106.1,13.3,1.7,524.8,0.21,0.12,1.11,1.23,0.15,1.01,2.12,0.1,0.54,0.08,2.05,0.42,0.1,0.03,1.62,1.44,0.06,1.04,0,0.44,0.02,0.06,4.33,25.38,0.26,0.02,0.31,0.21,0.4,2.55,3.62,0.01,51.04,0.02,0.35,0.09,0.12,3.11,0.7,0.32,0.19,1.26,0.28,3.63,0.53,10.6,0.01,0.4,0.56,0.19,0.04,1.61,1.2,0.33,18.39,0.11,0.93,23.75,0.55,7.68,8.23,26.95,8.52,1.05,9.57,130.14,2.4,0.8,0.3,0.4,0.37,4.2,5.9,0.03,4.3,14.7,0.7,0.7,0.4,0.02,3.5,0.12,0.15,0.84,0.9,1.3,0.8,0.15,0.2,0.1,1.5,1.6,37.9,42.1,1.8,0.02,0.01,1.8,0.9,1,1.2,0,6.6,0.04,0.19,0.18,0.64,0.03,1.07,0.07,0.01,0.33,0.19,0.002,0.6,1.7,0.28,0.28,0.73,0.16,0.07,NA,1,3.4,5.9,12.8,0.67,0.31,0.1,13.8,8.03,1.21,1.91,1.04,0.11,12.3,26.1,42.1,6.6,1.7,5.9,26.1,82.4,23.9,26.2,9.1,7.4,66.6,0.9,5.5,6.4,0.5,73.5,7.1,80.6,40.6,11.8,52.4,25.29,11.66,36.96,2.43,0.1,1.27,0.71,3.19,7.7,97.09,0.6,0.9,1.6,22.7,10.45,4.19,37.3,1.8,0.7,3.9,6.4,0.6,9.5,0.9,11.1,NA,0.05,0.05,234,150,0.5,84.9,1.6,237,133.8,18.7,152.5,4.7,2.9,7.7,0.2,0.3,2.6,0.4,0.5,4,0.4,12.1,401.5,39.1,42.6,10.8,0.3,3,3,0.8,1.5,5.2,24.5,5.4,72.5,401.5,39.1,72.5,513.2,,,,,,,,,513,234,82,130,525,NA,361,NA
2013,29.6,NA,NA,NA,NA,NA,NA,NA,NA,NA,NA,6.9,6.6,0.1,13.6,NA,189.1,121.6,33.5,7.3,162.3,2.5,4.1,358,403.6,NA,403.6,2.1,NA,63.1,30.9,12.1,106.1,12.9,1.9,526.6,0.18,0.12,1.03,1.35,0.16,1.11,2.14,0.11,0.5,0.09,2.09,0.43,0.11,0.02,1.6,1.28,0.07,0.99,0,0.45,0.01,0.05,4.14,25.39,0.24,0.03,0.31,0.22,0.38,2.32,3.52,0.01,50.48,0.02,0.34,0.08,0.12,3.07,0.75,0.35,0.18,1.22,0.2,3.6,0.52,10.45,0.01,0.44,0.55,0.26,0.04,1.15,0.96,0.25,18.22,0.13,0.87,22.9,0.41,7.17,7.59,27.29,8.39,1.23,9.62,128.32,2.3,0.8,0.3,0.3,0.42,4.3,6.3,0.03,4.7,15.3,0.7,0.8,0.2,0.03,3.6,0.13,0.13,0.96,0.7,1.3,0.9,0.17,0.2,0.2,1.5,1.6,39.5,43.7,2.6,0.02,0.03,1.8,0.9,1,1.2,0,7.6,0.05,0.23,0.17,0.61,0.02,1.07,0.17,0.01,0.24,0.18,0.002,0.6,1.7,0.2,0.3,0.77,0.2,0.09,NA,1.1,3.6,6.2,13.4,0.73,0.36,0.09,14.5,7.59,1.31,2.44,1.02,0.1,12.5,27,43.7,7.6,1.7,6.2,27,86.2,23.7,25.6,8.8,6.7,64.8,0.9,5.4,6.4,0.6,71.7,7.5,79.3,40.8,12,52.8,25.4,11.6,37,2.23,0.07,1.33,0.75,3.14,7.52,97.31,0.6,0.9,1.5,22.5,9.02,4.52,36,1.7,0.7,3.9,6.2,0.6,7.7,1.1,9.3,NA,0.05,0.05,229.6,147.4,0.4,86.7,1.7,236.3,136.2,18.7,155,4.7,2.9,7.6,0.5,0.3,2.6,0.4,0.5,4.3,0.3,12.2,403.5,39.7,43.5,10.4,0.3,2.5,2.9,0.8,1,5.6,23.5,5,72,403.5,39.7,72,515.2,,,,,,,,,515,230,86,128,527,NA,358,NA
2014,29.8,NA,NA,NA,NA,NA,NA,NA,NA,NA,NA,6.9,6.6,0.1,13.6,NA,190.3,120.6,33.9,8.2,162.7,2.9,4.6,360.6,402.6,NA,402.6,2.1,NA,63.5,30.8,12.1,106.3,12.8,1.9,525.8,0.2,0.14,1.1,1.3,0.17,1.08,2.26,0.11,0.5,0.11,1.8,0.44,0.11,0.02,1.58,1.31,0.07,0.94,0,0.47,0.03,0.06,4.12,24.69,0.27,0.04,0.28,0.23,0.39,2.77,3.59,0.02,50.21,0.01,0.33,0.08,0.11,3.07,0.91,0.29,0.18,1.25,0.12,3.68,0.5,10.53,0.01,0.37,0.58,0.19,0.04,1.26,1,0.25,18.01,0.15,0.92,22.76,0.63,6.7,7.33,30.57,8.1,0.95,9.05,130.45,2.1,0.9,0.3,0.3,0.44,4.1,6.8,0.04,5.4,15.2,0.8,0.6,0.3,0.02,3.5,0.14,0.15,0.84,0.8,1.3,0.9,0.18,0.2,0.2,1.5,1.6,40.5,44.6,2.4,0.02,0.02,1.3,0.9,0.9,1.1,0,6.6,0.03,0.26,0.24,0.68,0.05,1.26,0.17,0.01,0.38,0.19,0.001,0.75,2,0.22,0.2,0.86,0.17,0.07,NA,1,3.4,5.9,12.6,0.62,0.29,0.08,13.6,7.29,1.21,2.46,1.03,0.12,12.1,25.7,44.6,6.6,2,5.9,25.7,84.9,23.6,24.7,8.5,5.9,62.7,0.9,5.3,6.2,0.5,69.5,7.5,77,41.7,12.3,54,26.43,11.33,37.75,2.27,0.02,1.31,0.75,3.28,7.64,99.38,0.6,0.9,1.4,21.5,9.26,4.42,35.2,1.2,0.6,3.9,5.7,0.7,8.2,0.8,9.8,NA,0.04,0.04,228.5,141.8,0.4,84.9,1.8,228.9,138.8,18.5,157.3,5,3,8,0.1,0.3,2.6,0.4,0.6,3.9,0.4,12.2,398.4,40.9,44.1,9.2,0.4,3.4,2.6,0.8,1.2,6.5,24.2,5.9,74.2,398.4,40.9,74.2,513.6,,,,,,,,,514,229,85,130,526,NA,361,NA
2015,30.3,NA,NA,NA,NA,NA,NA,NA,NA,NA,NA,7,6.7,0.1,13.8,NA,192.2,118.2,34.2,8.2,160.7,3.1,4.6,360.6,397.7,NA,397.7,2.2,NA,63.5,30.8,12.1,106.3,13,2,521.3,0.2,0.12,1.1,1.44,0.26,1.01,2.35,0.13,0.47,0.09,2.03,0.44,0.11,0.01,1.68,1.23,0.07,1.04,0,0.48,0.02,0.06,4.09,25.08,0.16,0.04,0.3,0.24,0.4,2.8,3.58,0.02,51.05,0.01,0.35,0.07,0.1,2.84,0.8,0.34,0.18,1.24,0.14,3.07,0.57,9.72,0.01,0.4,0.58,0.21,0.04,1.31,0.94,0.27,19.02,0.14,0.95,23.86,0.59,6.41,7,29.96,10.27,1.42,11.7,133.29,2,1,0.3,0.3,0.43,4,6.3,0.03,5.5,15.3,0.8,0.6,0.3,0.04,3.6,0.14,0.18,0.87,0.7,1.2,0.9,0.2,0.2,0.3,1.5,1.7,40.5,44.5,2.4,0.01,0.03,1.7,0.9,1,1.2,0,7.2,0.05,0.29,0.26,0.67,0.05,1.31,0.15,0.01,0.41,0.17,0.001,0.73,2,0.22,0.25,0.84,0.25,0.13,NA,1,3.6,6.2,11.9,0.48,0.41,0.08,12.8,8.03,1.23,2.07,0.98,0.11,12.4,25.3,44.5,7.2,2,6.2,25.3,85.2,24.4,23,8.9,5.3,61.5,0.9,5.3,6.3,0.6,68.4,7.3,75.6,43,12.5,55.5,26.67,11.98,38.65,2.34,0.03,1.4,0.75,3.69,8.21,102.37,0.6,0.9,1.5,22.1,9.71,4.53,36.4,1.7,1.1,4,6.7,1.2,8.6,0.9,10.8,NA,0.04,0.04,233.4,141.4,0.3,92.3,1.9,235.9,147.8,18.7,166.5,5.5,3,8.5,0.4,0.3,2.5,0.5,0.7,4.3,0.4,13.2,415.6,39.4,46.8,9.7,0.3,3,2.5,0.9,1.3,6.5,24,6.6,77.4,415.6,39.4,77.4,532.4,,,,,,,,,532,233,85,133,521,NA,361,NA
2016,30.8,NA,NA,NA,NA,NA,NA,NA,NA,NA,NA,7.2,7,0.1,14.3,NA,193.7,115.1,34.4,7.6,157.1,2.4,4.5,357.7,393.6,NA,393.6,2.3,NA,63.8,30.8,12.3,106.9,13.1,2.2,518.1,0.2,0.13,1.14,1.45,0.31,0.95,2.09,0.14,0.46,0.08,1.67,0.48,0.11,0,2.09,1.52,0.07,1.26,0,0.48,0.02,0.08,5.1,24.7,0.36,0.04,0.32,0.27,0.49,2.67,3.54,0.01,52.22,0.01,0.38,0.09,0.16,2.67,0.7,0.3,0.18,1.33,0.15,3.34,0.6,9.91,0.01,0.42,0.59,0.3,0.05,1.22,0.64,0.2,18.14,0.13,0.97,22.66,0.66,6.67,7.32,25.39,9.76,4.87,14.63,132.12,2.1,1,0.2,0.4,0.5,4.2,6.9,0.04,5.2,15,0.9,0.7,0.3,0.04,3.7,0.16,0.16,0.99,0.7,1.3,0.9,0.22,0.3,0.3,1.5,1.9,41.2,45.5,2.5,0.02,0.03,1.5,0.8,0.8,1.1,0,6.8,0.04,0.27,0.2,0.62,0.04,1.17,0.1,0.01,0.37,0.17,NA,0.65,1.8,0.38,0.22,0.74,0.2,0.08,NA,1.1,3.5,6.2,11.2,0.41,0.39,0.08,12.1,8.02,1.35,1.96,1.01,0.1,12.4,24.6,45.5,6.8,1.8,6.2,24.6,84.9,25.6,22.5,8.3,4.6,61,1,5.4,6.4,0.6,68,6.9,75,44,12.8,56.8,27.75,13.07,40.82,2.35,0.02,1.45,0.72,3.93,8.47,106.05,0.6,0.9,1.5,22.3,9.56,4.21,36,1.9,0.8,3.9,6.6,1,7.8,0.9,9.7,NA,0.04,0.04,234.9,145.6,0.3,93,2,240.8,149.1,19.5,168.6,5.1,3.2,8.3,0,0.3,2.3,0.5,0.7,3.9,0.4,12.5,421.9,41.9,45.7,11.5,0.3,3.1,3.6,0.6,2.4,6.9,28.4,6.5,80.5,421.9,41.9,80.5,544.3,,,,,,,,,544,235,85,132,518,NA,358,NA
2017,34.2,NA,NA,NA,NA,NA,NA,NA,NA,NA,NA,8,7.9,0.1,16,NA,192.7,110.7,36.4,8.2,155.4,2.4,5.1,355.6,394,NA,394,2.3,NA,67,30.8,12.3,110.1,13.6,2.3,522.3,0.2,0.14,1.16,1.39,0.31,1,1.96,0.2,0.43,0.08,1.7,0.44,0.11,0.02,2.13,1.38,0.13,1.31,0,0.48,0.05,0.07,5.62,25.25,0.33,0.04,0.29,0.25,0.48,2.96,3.56,0.02,53.52,0.01,0.37,0.11,0.17,2.69,0.86,0.26,0.17,1.31,0.16,3.16,0.58,9.85,0.01,0.4,0.53,0.38,0.06,1.32,0.83,0.18,19.87,0.13,0.86,24.57,0.13,7.13,7.26,27.24,11.29,4.16,15.46,137.88,1.8,1.1,0.2,0.4,0.53,4.1,6.5,0.03,5.7,15.6,0.9,0.6,0.4,0.03,3.8,0.14,0.17,1.08,0.6,1.2,1,0.21,0.3,0.4,1.6,1.8,42.1,46.2,2.5,0.01,0.02,1.7,0.8,0.8,1.1,0,6.9,0.04,0.32,0.18,0.61,0.04,1.19,0.08,0.01,0.35,0.12,NA,0.56,1.8,0.43,0.26,0.58,0.26,0.08,NA,0.8,3.2,5.6,10.2,0.36,0.43,0.08,11.1,7.88,1.16,1.77,0.98,0.09,11.9,23,46.2,6.9,1.8,5.6,23,83.4,26.1,21.7,7.7,4.1,59.6,1,5.5,6.6,0.6,66.7,6.9,73.6,46.8,12.9,59.7,27.38,13.08,40.47,2.33,0.02,1.47,0.71,3.73,8.25,108.45,0.6,0.8,1.4,22,9.97,4.32,36.3,1.6,0.8,3.7,6.1,1.3,7.3,0.9,9.6,NA,0.05,0.05,235.5,149.4,0.3,93.2,2,244.9,151.3,19.3,170.5,5.3,3.5,8.8,0.3,0.4,2.3,0.5,0.7,4.3,0.4,13.4,428.9,42.6,46.5,12.4,0.4,3.1,3.2,0.8,2.3,7.1,29.3,6.2,82,428.9,42.6,82,553.5,,,,,,,,,554,236,83,138,522,NA,356,NA
2018,,,,,,,,,,,,,,,,,,,,,,,,,394.9,NA,394.9,2.1,NA,67,30.8,12.3,110.1,13.6,2.4,523.2,,,,,,,,,,,,,,,,,,,,,,,,,,,,,,,,,,,,,,,,,,,,,,,,,,,,,,,,,,,,,,,,,,,,,,,,,,,,,,,,,,,,,,,,,,,,,,,,,,,,,,,,,,,,,,,,,,,,,,,,,,,,,,,,,,,,,,,,,,,,,,,,,,,,,,,,,,,,,,,,,,,,,,,,,,,,,,,,,,,,,,,,,,,,,,,,,,,,,,,,,,,,,,,,,,,,,,,,,,,,,,,,,,,,,,,,,,,,,,,
